"flightNumber","departureICAO","arrivalICAO","aircraft","pilot","operator","flightTime","state","fuelUsage","flightType","flightLoad","multiplier","flightDate","reportDate","comments"
"TEST","TEST","TEST","Generic Airbus A321","Starwalker 001JX","N/A",7392,"Approved","123123","Passenger","123123123","None","Sun, 03 Mar 2024 00:00:00 GMT","Mon, 08 Sep 2025 12:31:45 GMT",
"JX783","RCTP","KPHX","Starlux Airbus A350","Starwalker 001JX","Starlux Virtual",816,"Approved","12343","Passenger","123","None","Wed, 10 Sep 2025 00:00:00 GMT","Wed, 10 Sep 2025 10:49:08 GMT",
"JX781","RCTP","KONT","Starlux Airbus A350","Starwalker 004JX","Starlux Virtual",746,"Approved","67431","Passenger","269","None","Thu, 11 Sep 2025 00:00:00 GMT","Thu, 11 Sep 2025 03:05:56 GMT",
"JX886","TCTP","RORS","Generic Airbus A321","Starwalker 520JX","Starlux Virtual",50,"Approved","2615","Passenger","188","None","Thu, 11 Sep 2025 00:00:00 GMT","Thu, 11 Sep 2025 12:14:58 GMT","Weather: Calm Vis: Clear Runways: 05R and 35 Note: Simbrief will not route properly to runway 35. Must add NAE VOR and vectors to 35 RNAV approach"
"JX887","RORS","RCTP","Generic Airbus A321","Starwalker 520JX","Starlux Virtual",62,"Approved","5365","Passenger","180","None","Thu, 11 Sep 2025 00:00:00 GMT","Thu, 11 Sep 2025 12:25:30 GMT","Weather: Calm Vis: Clear Note: This route is sometimes done sub FL280 therefore the fuel burn is higher. Also this route does not refuel at RORS so plan for min 15,000 kg fuel burn round trip from RCTP"
"JX781","RCTP","KONT","Starlux Airbus A350","Starwalker 001JX","Starlux Virtual",738,"Approved","23443","Passenger","234","None","Thu, 11 Sep 2025 00:00:00 GMT","Thu, 11 Sep 2025 12:50:15 GMT",
"JX838","RCTP","VVDN","Starlux Airlines Airbus A330-900","Starwalker 001JX","Starlux Virtual",162,"Approved","456","Passenger","212","None","Fri, 12 Sep 2025 00:00:00 GMT","Fri, 12 Sep 2025 12:38:57 GMT",
"JX302","RCTP","ROAH","Generic Airbus A321","Starwalker 520JX","Starlux Virtual",82,"Approved","6339","Passenger","188","None","Fri, 12 Sep 2025 00:00:00 GMT","Fri, 12 Sep 2025 15:28:58 GMT","Whether: calm visibility: clear Medium altitude: FL250"
"JX312","ROAH","RCTP","Generic Airbus A321","Starwalker 520JX","Starlux Virtual",70,"Approved","5470","Passenger","180","None","Fri, 12 Sep 2025 00:00:00 GMT","Fri, 12 Sep 2025 15:32:09 GMT","Whether: calm visibility: clear Medium altitude: FL240"
"JX233","RCTP","VHHH","Starlux Airlines Airbus A330-900","Starwalker 006JX","Starlux Virtual",67,"Approved","9000","Passenger","315","None","Thu, 11 Sep 2025 00:00:00 GMT","Fri, 12 Sep 2025 18:45:38 GMT","Cruise: FL38"
"JX308","RCTP","KSFO","Starlux Airbus A350","Starwalker 001JX","Starlux Virtual",768,"Approved","12332","Passenger","123","None","Sat, 13 Sep 2025 00:00:00 GMT","Sat, 13 Sep 2025 02:31:04 GMT",
"JX831","RCTP","RJFF","Generic Airbus A321","Starwalker 001JX","Starlux Virtual",118,"Approved","12332","Passenger","12323","None","Sat, 13 Sep 2025 00:00:00 GMT","Sat, 13 Sep 2025 05:59:25 GMT",
"JX831","RCTP","RJFF","Generic Airbus A321","Starwalker 006JX","Starlux Virtual",121,"Approved","7526","Passenger","167","None","Sat, 13 Sep 2025 00:00:00 GMT","Sat, 13 Sep 2025 06:04:01 GMT","Group flight; Cruise: FL350, 40 kts crosswind on approach. Very big windshear on final"
"JX771","RCTP","WSSS","Starlux Airlines Airbus A330-900","Starwalker 004JX","Starlux Virtual",247,"Approved","20047","Passenger","275","None","Sun, 14 Sep 2025 00:00:00 GMT","Sun, 14 Sep 2025 09:42:56 GMT",
"520JX","RCTP ","RJFF","Generic Airbus A321","Starwalker 520JX","Starlux Virtual",130,"Approved","9803","Passenger","117","None","Sat, 13 Sep 2025 00:00:00 GMT","Sun, 14 Sep 2025 10:42:28 GMT","Weather: 15+ crosswind Vis: Clear JXVA convoy flight"
"JX711","RCTP","VVTS","Generic Airbus A321","Starwalker 326JX","Starlux Virtual",178,"Approved","7381","Passenger","142","VVTS14SEP(3x)","Sun, 14 Sep 2025 00:00:00 GMT","Sun, 14 Sep 2025 12:31:59 GMT",
"JX711","RCTP","VVTS","Generic Airbus A321","Starwalker 001JX","Starlux Virtual",179,"Approved","7895","Passenger","142","VVTS14SEP(3x)","Sun, 14 Sep 2025 00:00:00 GMT","Sun, 14 Sep 2025 12:32:33 GMT",
"JX711","RCTP","VVTS","Generic Airbus A321","Starwalker 004JX","Starlux Virtual",179,"Approved","8094","Passenger","163","VVTS14SEP(3x)","Sun, 14 Sep 2025 00:00:00 GMT","Sun, 14 Sep 2025 12:35:36 GMT",
"711JX","RCTP ","VVTS ","Generic Airbus A321","Starwalker 520JX","Starlux Virtual",173,"Approved","7895","Passenger","142","VVTS14SEP(3x)","Sun, 14 Sep 2025 00:00:00 GMT","Sun, 14 Sep 2025 13:42:42 GMT","Weather: Calm Vis: Clear flight time longer than chart by approx 35 min"
"711","RCTP","VVTS","Generic Airbus A321","Starwalker 663JX","Starlux Virtual",299,"Approved","11202","Passenger","158","VVTS14SEP(3x)","Sun, 14 Sep 2025 00:00:00 GMT","Sun, 14 Sep 2025 13:54:59 GMT","flew for an extra 2hrs sicne I had to go in between  cruise"
"711","RCTP","VVTS","Generic Airbus A321","Starwalker 663JX","Starlux Virtual",179,"Approved","11202","Passenger","158","VVTS14SEP(3x)","Sun, 14 Sep 2025 00:00:00 GMT","Sun, 14 Sep 2025 14:00:10 GMT",
"JX10","RCTP","KONT","Starlux Airbus A350","Starwalker 006JX","Starlux Virtual",719,"Approved","9000","Passenger","315","None","Sun, 14 Sep 2025 00:00:00 GMT","Sun, 14 Sep 2025 16:23:01 GMT","Cruise: FL35, Interesting Approach"
"712JX","VVTS ","RCTP ","Generic Airbus A321","Starwalker 520JX","Starlux Virtual",138,"Approved","4060","Passenger","166","None","Sun, 14 Sep 2025 00:00:00 GMT","Sun, 14 Sep 2025 16:47:36 GMT","Weather: Calm Vis: Clear Note: Strong tail wind while over the South China Sea. Burned 2,000 kgs less fuel and arrived 45 min earlier than FPL predicted."
"3U92","ZUCK","EFHK","Aegean Airlines - 2020 Airbus A320","Starwalker 663JX","N/A",878,"Approved","58000","Passenger","335","FIRST ROTW!(2x)","Mon, 15 Sep 2025 00:00:00 GMT","Mon, 15 Sep 2025 07:41:45 GMT","the aircraft was the A330-300 not a320-200 but had to type in the A320 as there was no option for the A330-300, and the operator was sichuan, reason for the longer flight time is avoiding Russian airspace and also strong headwinds "
"SQ388","WSSS","LEBL","Singapore Airlines Airbus A350-900","Starwalker 001JX","Singapore Virtual",724,"Approved","97812","Passenger","312","FIRST ROTW!(2x)","Mon, 15 Sep 2025 00:00:00 GMT","Mon, 15 Sep 2025 11:53:57 GMT",
"201JX ","RCTP ","VMMC","Generic Airbus A321","Starwalker 520JX","Starlux Virtual",78,"Approved","3401","Passenger","161","None","Mon, 15 Sep 2025 00:00:00 GMT","Mon, 15 Sep 2025 13:53:55 GMT","Weather: Calm Vis: Clear Note: RNAV approach to rwy 16 with about 12 knot NE crosswind. Good times."
"202JX","VMMC","RCTP","Generic Airbus A321","Starwalker 520JX","Starlux Virtual",79,"Approved","3442","Passenger","188","None","Mon, 15 Sep 2025 00:00:00 GMT","Mon, 15 Sep 2025 15:49:24 GMT","Weather: Calm Vis: Clear Note: Slight tailwind component on 05R. Rudder floppy."
"781JX","RCTP ","RPVM ","Generic Airbus A321","Starwalker 520JX","Starlux Virtual",160,"Approved","7489","Passenger","129","None","Tue, 16 Sep 2025 00:00:00 GMT","Tue, 16 Sep 2025 08:28:35 GMT","Weather: Broken overcast at 20K out of RCTP changing to scattered thunderstorms. Vis: hazzy Note: Fight took 18 additional min and burned 665 kgs additional fuel due to a good around caused by a runway intrusion while on short final."
"SQ 301","EGCC","WSSS","Singapore Airlines Airbus A350-900","Starwalker 001JX","N/A",718,"Approved","32154","Passenger","123","None","Tue, 16 Sep 2025 00:00:00 GMT","Tue, 16 Sep 2025 11:50:37 GMT",
"783JX","RPVM","RCTP","Generic Airbus A321","Starwalker 520JX","Starlux Virtual",134,"Approved","6640","Passenger","161","None","Tue, 16 Sep 2025 00:00:00 GMT","Tue, 16 Sep 2025 14:04:56 GMT","Weather: Calm out of Cebu but severe wind sheer into RCTP.Vis: Clear "
"JX771","RCTP","WSSS","Starlux Airlines Airbus A330-900","Starwalker 004JX","Starlux Virtual",236,"Approved","16753","Passenger","297","None","Wed, 17 Sep 2025 00:00:00 GMT","Tue, 16 Sep 2025 23:13:22 GMT",
"789JX","RCTP ","RPLC","Generic Airbus A321","Starwalker 520JX","Starlux Virtual",71,"Approved","4276","Passenger","154","None","Wed, 17 Sep 2025 00:00:00 GMT","Wed, 17 Sep 2025 05:29:36 GMT","Weather: Calm Vis: Clear/broken clouds Note: Burned 700 kgs less fuel than expected yet arrived a whole 30 min earlier than expected."
"790JX","RPLC","RCTP ","Generic Airbus A321","Starwalker 520JX","Starlux Virtual",95,"Approved","3914","Passenger","114","None","Wed, 17 Sep 2025 00:00:00 GMT","Wed, 17 Sep 2025 10:01:47 GMT","Weather: Calm but some turbulence over Kaohsiung Vis: Hazy out of Clark then clear. Note: Burned 600 kgs less fuel than plan but arrived exactly on time."
"JX9","KONT","RCTP","Starlux Airbus A350","Starwalker 004JX","Starlux Virtual",786,"Approved","58924","Passenger","262","None","Thu, 18 Sep 2025 00:00:00 GMT","Thu, 18 Sep 2025 05:21:04 GMT",
"751JX","RCTP ","VTCC ","Generic Airbus A321","Starwalker 520JX","Starlux Virtual",199,"Approved","7771","Passenger","120","None","Thu, 18 Sep 2025 00:00:00 GMT","Thu, 18 Sep 2025 11:58:46 GMT","Weather: choppy with scattered thunderstorms. Broken 20K ft Vis: Clear above  FL200 Note: Saved almost 2,000 kgs of fuel and arrived 30 min early."
"752JX","VTCC ","RCTP ","Generic Airbus A321","Starwalker 520JX","Starlux Virtual",207,"Approved","8815","Passenger","176","None","Fri, 19 Sep 2025 00:00:00 GMT","Fri, 19 Sep 2025 09:12:22 GMT","Weather: Broken at 20K feet with scattered thunderstorms. FPL routed around cyclonic weather between Taiwan and Hong Kong. Vis: Clear above FL200. Note: arrived right on time but saved almost 2,000 kgs of fuel."
"JX2","RCTP","KLAX","Starlux Airlines Airbus A330-900","Starwalker 001JX","Starlux Virtual",706,"Approved","12342","Passenger","312","A330-900(2x)","Fri, 19 Sep 2025 00:00:00 GMT","Fri, 19 Sep 2025 11:04:37 GMT",
"JX201","RCTP","VMMC","Starlux Airlines Airbus A330-900","Starwalker 001JX","Starlux Virtual",76,"Approved","46321","Passenger","62321","A330-900(2x)","Fri, 19 Sep 2025 00:00:00 GMT","Fri, 19 Sep 2025 13:35:32 GMT",
"JX205","RCTP","VMMC","Generic Airbus A321","Starwalker 115JX","Starlux Virtual",81,"Approved","2100","Passenger","51","None","Sat, 20 Sep 2025 00:00:00 GMT","Fri, 19 Sep 2025 18:30:58 GMT",
"JX31","RCTP","KSEA","Starlux Airlines Airbus A330-900","Starwalker 001JX","Starlux Virtual",657,"Approved","5321","Passenger","432","A330-900(2x)","Sat, 20 Sep 2025 00:00:00 GMT","Sat, 20 Sep 2025 03:17:18 GMT",
"JX2","RCTP","KLAX","Starlux Airlines Airbus A330-900","Starwalker 001JX","Starlux Virtual",697,"Approved","32452","Passenger","3124","A330-900(2x)","Sat, 20 Sep 2025 00:00:00 GMT","Sat, 20 Sep 2025 03:19:25 GMT",
"JX206","VMMC","RCTP","Generic Airbus A321","Starwalker 115JX","Starlux Virtual",81,"Approved","2135","Passenger","51","None","Sat, 20 Sep 2025 00:00:00 GMT","Sat, 20 Sep 2025 07:56:26 GMT",
"JX870","RCTP","ROAH","Generic Airbus A321","Starwalker 115JX","Starlux Virtual",71,"Approved","2385","Passenger","47","None","Sat, 20 Sep 2025 00:00:00 GMT","Sat, 20 Sep 2025 09:15:53 GMT",
"JX871","ROAH","RCTP","Generic Airbus A321","Starwalker 115JX","Starlux Virtual",87,"Approved","2453","Passenger","49","None","Sat, 20 Sep 2025 00:00:00 GMT","Sat, 20 Sep 2025 11:30:51 GMT",
"JX761","WIII","RCTP","Starlux Airlines Airbus A330-900","Starwalker 001JX","Starlux Virtual",313,"Approved","43213","Passenger","321","A330-900(2x)","Sat, 20 Sep 2025 00:00:00 GMT","Sat, 20 Sep 2025 13:26:56 GMT",
"JX772","WSSS","RCTP","Starlux Airlines Airbus A330-900","Starwalker 004JX","Starlux Virtual",277,"Approved","21939","Passenger","305","None","Sun, 21 Sep 2025 00:00:00 GMT","Mon, 22 Sep 2025 02:13:51 GMT",
"JX201","RCTP","VMMC","Starlux Airlines Airbus A330-900","Starwalker 004JX","Starlux Virtual",74,"Approved","6383","Passenger","273","None","Sat, 20 Sep 2025 00:00:00 GMT","Mon, 22 Sep 2025 02:15:50 GMT",
"JX789","RCTP","RPLC","Generic Airbus A321","Starwalker 115JX","Starlux Virtual",93,"Approved","2863","Passenger","50","None","Mon, 22 Sep 2025 00:00:00 GMT","Mon, 22 Sep 2025 07:22:29 GMT",
"JX790","RPLC","RCTP","Generic Airbus A321","Starwalker 115JX","Starlux Virtual",90,"Approved","2798","Passenger","50","None","Mon, 22 Sep 2025 00:00:00 GMT","Mon, 22 Sep 2025 07:23:57 GMT",
"235JX","RCTP ","VHHH ","Starlux Airlines Airbus A330-900","Starwalker 520JX","Starlux Virtual",70,"Approved","5930","Passenger","295","None","Mon, 22 Sep 2025 00:00:00 GMT","Mon, 22 Sep 2025 10:39:51 GMT","Weather: Gusting winds and turbulence out of RCTP at around 1,500 feet. Calm into VHHH Vis: Clear above 20K"
"236JX","VHHH ","RCTP ","Starlux Airlines Airbus A330-900","Starwalker 520JX","Starlux Virtual",79,"Approved","6479","Passenger","264","None","Mon, 22 Sep 2025 00:00:00 GMT","Mon, 22 Sep 2025 12:37:29 GMT","Weather: Calm out of VHHH. Vis: Clear above 20K. Note: Intense winds and shearing effect short final into RCTP. Recommend 05L. "
"JX10","RCTP","KONT","Generic Airbus A321","Starwalker 115JX","Starlux Virtual",676,"Approved","60342","Passenger","79","FIRST ROTW!(2x)","Mon, 22 Sep 2025 00:00:00 GMT","Mon, 22 Sep 2025 20:35:25 GMT",
"JX202","VMMC","RCTP","Generic Airbus A321","Starwalker 004JX","Starlux Virtual",81,"Approved","4848","Passenger","210","None","Mon, 22 Sep 2025 00:00:00 GMT","Tue, 23 Sep 2025 00:57:53 GMT",
"JX9","KONT","RCTP","Starlux Airlines Airbus A330-900","Starwalker 001JX","Starlux Virtual",665,"Approved","455123","Passenger","412","A330-900(2x)","Tue, 23 Sep 2025 00:00:00 GMT","Tue, 23 Sep 2025 11:13:02 GMT","3"
"BR9","KONT","RCTP","Generic Airbus A321","Starwalker 115JX","Starlux Virtual",827,"Approved","55453","Passenger","83","FIRST ROTW!(2x)","Tue, 23 Sep 2025 00:00:00 GMT","Tue, 23 Sep 2025 15:15:40 GMT",
"JX9","KONT","RCTP","Generic Airbus A321","Starwalker 115JX","Starlux Virtual",827,"Approved","55453","Passenger","83","FIRST ROTW!(2x)","Tue, 23 Sep 2025 00:00:00 GMT","Tue, 23 Sep 2025 15:16:55 GMT",
"JX32","RCTP","KSEA","Generic Airbus A321","Starwalker 115JX","Starlux Virtual",649,"Approved","55673","Passenger","83","FIRST ROTW!(2x)","Wed, 24 Sep 2025 00:00:00 GMT","Wed, 24 Sep 2025 10:31:55 GMT",
"JX32","RCTP","KSEA","Starlux Airbus A350","Starwalker 006JX","Starlux Virtual",683,"Approved","28458","Passenger","325","None","Wed, 24 Sep 2025 00:00:00 GMT","Wed, 24 Sep 2025 15:35:21 GMT","Calm flight, if coming into 34L,  34C, or 34R be aware of close proximity of mountains in approach"
"850JX","RCTP ","RJCC","Starlux Airlines Airbus A330-900","Starwalker 520JX","Starlux Virtual",215,"Approved","17615","Passenger","251","FIRST ROTW!(2x)","Wed, 24 Sep 2025 00:00:00 GMT","Wed, 24 Sep 2025 15:37:41 GMT","Weather: heavy winds with light turbulence especially over Japan. Vis: mostly clear"
"851JX","RJCC ","RCTP ","Starlux Airlines Airbus A330-900","Starwalker 520JX","Starlux Virtual",226,"Approved","15423","Passenger","236","None","Thu, 25 Sep 2025 00:00:00 GMT","Wed, 24 Sep 2025 16:19:53 GMT","Weather: Windy out of RJCC. 70 knot headwind at FL380. Vis: Clear. Note: chose a lower altitude FL360 or lower when flying south from Japan."
"32JX","RCTP ","KSEA ","Starlux Airlines Airbus A330-900","Starwalker 520JX","Starlux Virtual",606,"Approved","38797","Passenger","288","None","Thu, 25 Sep 2025 00:00:00 GMT","Thu, 25 Sep 2025 14:48:08 GMT","Weather: Very turbulent Vis: Clear Note: High winds blowing across the Pacific. Peaked out at 635 kts GS and saved almost 20,000 kg of fuel and arrived 20 minutes early."
"31JX","KSEA ","RCTP ","Starlux Airlines Airbus A330-900","Starwalker 520JX","Starlux Virtual",723,"Approved","40789","Passenger","282","None","Fri, 26 Sep 2025 00:00:00 GMT","Fri, 26 Sep 2025 10:28:42 GMT","Weather: mild turbulent headwinds Vis: Clear. Note even though I arrived almost precisely on time I saved nearly 36,000 kg of fuel which makes no sense at all. "
"JX31","KSEA","RCTP","Starlux Airbus A350","Starwalker 115JX","Starlux Virtual",708,"Approved","64562","Passenger","78","FIRST ROTW!(2x)","Fri, 26 Sep 2025 00:00:00 GMT","Fri, 26 Sep 2025 12:07:08 GMT",
"JX771","RCTP","WSSS","Starlux Airlines Airbus A330-900","Starwalker 115JX","Starlux Virtual",237,"Approved","35879","Passenger","43","None","Sat, 27 Sep 2025 00:00:00 GMT","Sat, 27 Sep 2025 13:59:43 GMT",
"JX703","RCTP","VVDN","Generic Airbus A321","Starwalker 006JX","Starlux Virtual",165,"Approved","0","Passenger","280","None","Sun, 28 Sep 2025 00:00:00 GMT","Sun, 28 Sep 2025 05:24:33 GMT","Calm flight, no issues"
"JX886","RCTP","RORS","Generic Airbus A321","Starwalker 006JX","Starlux Virtual",39,"Approved","6802","Passenger","221","None","Sun, 28 Sep 2025 00:00:00 GMT","Sun, 28 Sep 2025 06:28:14 GMT","8kts crosswind on final into RORS"
"JX886","RCTP","RORS","Generic Airbus A321","Starwalker 001JX","Starlux Virtual",40,"Approved","4123","Passenger","223","None","Sun, 28 Sep 2025 00:00:00 GMT","Sun, 28 Sep 2025 06:31:56 GMT",
"JX771","RCTP ","WSSS","Starlux Airlines Airbus A330-900","Starwalker 520JX","Starlux Virtual",278,"Approved","10747","Passenger","285","FIRST ROTW!(2x)","Mon, 29 Sep 2025 00:00:00 GMT","Mon, 29 Sep 2025 14:38:14 GMT","Weather: Calm and uneventful. Vis: Clear over 20K feet in the North then clears up closer to Singapore."
"JX870","RCTP","ROAH","Generic Airbus A321","Starwalker 009JX","Starlux Virtual",66,"Approved","2981","Passenger","202","None","Tue, 30 Sep 2025 00:00:00 GMT","Tue, 30 Sep 2025 06:11:57 GMT","Career Mode"
"JX772","WSSS ","RCTP ","Starlux Airlines Airbus A330-900","Starwalker 520JX","Starlux Virtual",259,"Approved","16498","Passenger","216","FIRST ROTW!(2x)","Tue, 30 Sep 2025 00:00:00 GMT","Tue, 30 Sep 2025 11:45:04 GMT","Weather: Calm Vis: Clear Note: arrived almost exactly on time per the FPL yet burned 5,000 kg less fuel than expected."
"SQ365","LIRF","WSSS","Singapore Airlines Airbus A350-900","Starwalker 001JX","N/A",627,"Approved","14123","Passenger","312","None","Tue, 30 Sep 2025 00:00:00 GMT","Tue, 30 Sep 2025 12:26:45 GMT",
"JX12","RCTP ","KSFO ","Starlux Airbus A350","Starwalker 520JX","Starlux Virtual",650,"Approved","60063","Passenger","276","FIRST ROTW!(2x)","Wed, 01 Oct 2025 00:00:00 GMT","Wed, 01 Oct 2025 04:30:10 GMT","Weather: Few T-storms on route. Minor turbulence above FL370. Vis: Clear above 30K. Note: Unstable missed approach. BDEGA4 STAR - EDDY too aggressive. Fly heading after BRIXX. Turn base to FAITH."
"JX712","VVTS","RCTP","Starlux Airbus A350","Starwalker 004JX","Starlux Virtual",234,"Approved","15558","Passenger","264","None","Wed, 01 Oct 2025 00:00:00 GMT","Wed, 01 Oct 2025 05:26:05 GMT","Longer flight time due to go around "
"JX6","RCTP","KLAX","Starlux Airbus A350","Starwalker 115JX","Starlux Virtual",686,"Approved","65342","Passenger","83","FIRST ROTW!(2x)","Mon, 29 Sep 2025 00:00:00 GMT","Wed, 01 Oct 2025 09:25:48 GMT",
"JX1","KLAX","RCTP","Starlux Airbus A350","Starwalker 115JX","Starlux Virtual",814,"Approved","78653","Passenger","89","FIRST ROTW!(2x)","Tue, 30 Sep 2025 00:00:00 GMT","Wed, 01 Oct 2025 09:27:35 GMT",
"JX11","KSFO ","RCTP ","Starlux Airbus A350","Starwalker 520JX","Starlux Virtual",735,"Approved","65066","Passenger","346","FIRST ROTW!(2x)","Wed, 01 Oct 2025 00:00:00 GMT","Thu, 02 Oct 2025 02:35:10 GMT","Weather: Calm with some chop off the coast of California. Vis: Clear Note: had to dump 20K kg of fuel to get under MLW. Will adjust fuel factor in Simbrief."
"JX12","RCTP","KSFO","Starlux Airbus A350","Starwalker 115JX","Starlux Virtual",649,"Approved","58798","Passenger","75","FIRST ROTW!(2x)","Wed, 01 Oct 2025 00:00:00 GMT","Thu, 02 Oct 2025 16:55:22 GMT",
"JX11","KSFO","RCTP","Starlux Airbus A350","Starwalker 115JX","Starlux Virtual",840,"Approved","60533","Passenger","83","FIRST ROTW!(2x)","Thu, 02 Oct 2025 00:00:00 GMT","Thu, 02 Oct 2025 16:56:49 GMT",
"JX2","RCTP","KLAX","Generic Airbus A321","Callsign Missing","N/A",140,"Approved","1","Passenger","1","FIRST ROTW!(2x)","Fri, 03 Oct 2025 00:00:00 GMT","Sat, 04 Oct 2025 00:21:26 GMT","Please remove this, thanks"
"SQ 504","WSSS","VAAH","Singapore Airlines Airbus A350-900","Starwalker 069JX","Singapore Virtual",271,"Approved","25878","Passenger","256","FIRST ROTW!(2x)","Sat, 04 Oct 2025 00:00:00 GMT","Sat, 04 Oct 2025 17:23:30 GMT",
"JX12","RCTP","KSFO","Starlux Airbus A350","Starwalker 004JX","Starlux Virtual",679,"Approved","46572","Passenger","272","None","Tue, 07 Oct 2025 00:00:00 GMT","Tue, 07 Oct 2025 15:12:26 GMT",
"JX233","RCTP ","VHHH","Starlux Airlines Airbus A330-900","Starwalker 520JX","Starlux Virtual",83,"Approved","6678","Passenger","214","FIRST ROTW!(2x)","Tue, 07 Oct 2025 00:00:00 GMT","Wed, 08 Oct 2025 04:35:40 GMT","Weather: not a cloud in the sky. Beautiful day. Vis: Could see all of Taiwan. "
"JX234","VHHH ","RCTP ","Starlux Airlines Airbus A330-900","Starwalker 520JX","Starlux Virtual",77,"Approved","6083","Passenger","229","FIRST ROTW!(2x)","Tue, 07 Oct 2025 00:00:00 GMT","Wed, 08 Oct 2025 04:40:01 GMT","Weather: Not a cloud in the sky. Beautiful sunset and bright moon. Vis: Could see the mountains in the moonlight"
"JX235","RCTP","VHHH","Starlux Airlines Airbus A330-900","Starwalker 115JX","Starlux Virtual",94,"Approved","6523","Passenger","35","FIRST ROTW!(2x)","Tue, 07 Oct 2025 00:00:00 GMT","Thu, 09 Oct 2025 00:38:35 GMT",
"JX236","VHHH","RCTP","Starlux Airlines Airbus A330-900","Starwalker 115JX","Starlux Virtual",69,"Approved","5997","Passenger","35","FIRST ROTW!(2x)","Wed, 08 Oct 2025 00:00:00 GMT","Thu, 09 Oct 2025 00:40:40 GMT",
"JX32","RCTP ","KSEA ","Starlux Airbus A350","Starwalker 520JX","Starlux Virtual",598,"Approved","53002","Passenger","266","SOTM/POTM(3x)","Thu, 09 Oct 2025 00:00:00 GMT","Fri, 10 Oct 2025 06:59:41 GMT","Weather: moderate turbulence over Japan and half way over the Pacific. Vis: Clear above 30K. Note: Arrived 30 min earlier than planned. Amended FPL to match the real SJX32. Peaked out at 640 knots with 150 knot tail wind."
"JX32","RCTP","KSEA","Starlux Airbus A350","Starwalker 115JX","Starlux Virtual",603,"Approved","68735","Passenger","79","FIRST ROTW!(2x)","Thu, 09 Oct 2025 00:00:00 GMT","Fri, 10 Oct 2025 12:55:30 GMT",
"JX31","KSEA","RCTP","Starlux Airbus A350","Starwalker 115JX","Starlux Virtual",683,"Approved","69823","Passenger","83","FIRST ROTW!(2x)","Thu, 09 Oct 2025 00:00:00 GMT","Fri, 10 Oct 2025 12:56:40 GMT",
"SQ 387","LEBL","WSSS","Singapore Airlines Airbus A350-900","Starwalker 006JX","Singapore Virtual",802,"Approved","18268","Passenger","325","SOTM/POTM(3x)","Sat, 11 Oct 2025 00:00:00 GMT","Sun, 12 Oct 2025 03:14:08 GMT","Pretty calm flight, a bit of a cross wind coming into WSSS into 20C"
"JX31","KSEA ","RCTP ","Starlux Airbus A350","Starwalker 520JX","Starlux Virtual",753,"Approved","61239","Passenger","346","None","Fri, 10 Oct 2025 00:00:00 GMT","Sun, 12 Oct 2025 11:35:25 GMT","Weather: Moderate turbulence along the southern route to avoid the headwind. Burned 15,000 kg less fuel than expected and had to dump 18,000 kg to get close to MLW. 2,000 kg net fuel loss"
"JX10","KONT","RCTP","Starlux Airbus A350","Starwalker 115JX","Starlux Virtual",799,"Approved","65472","Passenger","83","FIRST ROTW!(2x)","Mon, 13 Oct 2025 00:00:00 GMT","Tue, 14 Oct 2025 05:36:44 GMT",
"JX10","RCTP","KONT","Starlux Airbus A350","Starwalker 115JX","Starlux Virtual",789,"Approved","59823","Passenger","83","FIRST ROTW!(2x)","Mon, 13 Oct 2025 00:00:00 GMT","Tue, 14 Oct 2025 05:38:31 GMT",
"JX846","RCTP","RJFT","AirAsia X Airbus A330-900","Callsign Missing","Starlux Virtual",98,"Approved","48953","Passenger","287","FIRST ROTW!(2x)","Tue, 14 Oct 2025 00:00:00 GMT","Tue, 14 Oct 2025 13:07:27 GMT","Can't find starlux A330-900 so I chose Air Asia A330-900"
"XJ601","RJAA","VTBD","AirAsia X Airbus A330-900","Callsign Missing","Starlux Virtual",363,"Approved","26510","Passenger","323","FIRST ROTW!(2x)","Wed, 15 Oct 2025 00:00:00 GMT","Wed, 15 Oct 2025 10:57:35 GMT",
"JX846","RCTP ","RJFT ","Starlux Airlines Airbus A330-900","Starwalker 520JX","N/A",106,"Approved","8217","Passenger","192","FIRST ROTW!(2x)","Tue, 14 Oct 2025 00:00:00 GMT","Wed, 15 Oct 2025 11:20:15 GMT","Weather: Calm Vis: Clear. Used RNAV approach into runway 25 and came generously close to the mountains. Must be under 180 KIA on the downwind approach before turning base."
"JX847","RJFT","RCTP ","Starlux Airlines Airbus A330-900","Starwalker 520JX","Starlux Virtual",110,"Approved","8466","Passenger","239","FIRST ROTW!(2x)","Wed, 15 Oct 2025 00:00:00 GMT","Wed, 15 Oct 2025 11:24:48 GMT","Weather: Calm Vis: Clear. "
"JX850","RCTP","RJCC","Starlux Airlines Airbus A330-900","Starwalker 520JX","Starlux Virtual",206,"Approved","15117","Passenger","297","FIRST ROTW!(2x)","Thu, 16 Oct 2025 00:00:00 GMT","Fri, 17 Oct 2025 01:25:28 GMT","Weather: Moderate turbulence 1 hour away from RJCC Vis: Clear"
"JX851","RJCC","RCTP ","Starlux Airlines Airbus A330-900","Starwalker 520JX","Starlux Virtual",209,"Approved","15947","Passenger","257","FIRST ROTW!(2x)","Thu, 16 Oct 2025 00:00:00 GMT","Fri, 17 Oct 2025 01:30:15 GMT","Weather: Moderate turbulence out of RJCC. Vis: Clear Note: Expected time was 3:53 due to headwind. Pushed mach 0.82 to compensate and arrived 20 min early."
"JX 9999","LGAV","LOWW","Singapore Airlines Boeing 737-8 MAX","Starwalker 458JX","Starlux Virtual",131,"Approved","3000","Passenger","175","None","Sun, 19 Oct 2025 00:00:00 GMT","Sun, 19 Oct 2025 05:49:29 GMT","RYAN AIR WALTZ TO VIENNA RYANAIR005JX"
"JX 9999","LGAV","LOWW","Singapore Airlines Boeing 737-8 MAX","Starwalker 001JX","Starlux Virtual",130,"Approved","23123","Passenger","123","Event(5x)","Sun, 19 Oct 2025 00:00:00 GMT","Sun, 19 Oct 2025 06:14:40 GMT","Event, Ryanair 73M"
"JX 005","KLAX","RCTP","Starlux Airbus A350","Starwalker 458JX","Starlux Virtual",810,"Approved","60663","Passenger","313","None","Sun, 19 Oct 2025 00:00:00 GMT","Mon, 20 Oct 2025 04:03:38 GMT",
"JX233","RCTP","VHHH","Starlux Airlines Airbus A330-900","Starwalker 458JX","Starlux Virtual",78,"Approved","7935","Passenger","362","A330-900(2x)","Tue, 21 Oct 2025 00:00:00 GMT","Tue, 21 Oct 2025 03:53:43 GMT",
"JX2","RCTP","KLAX","Starlux Airbus A350","Starwalker 115JX","Starlux Virtual",620,"Approved","54238","Passenger","83","FIRST ROTW!(2x)","Wed, 22 Oct 2025 00:00:00 GMT","Thu, 23 Oct 2025 05:59:08 GMT",
"JX1","KLAX","RCTP","Starlux Airbus A350","Starwalker 115JX","Starlux Virtual",797,"Approved","59867","Passenger","83","FIRST ROTW!(2x)","Thu, 23 Oct 2025 00:00:00 GMT","Thu, 23 Oct 2025 06:00:20 GMT",
"JX846","RCTP","RJFT","Starlux Airlines Airbus A330-900","Starwalker 458JX","Starlux Virtual",93,"Approved","8065","Passenger","306","A330-900(2x)","Fri, 24 Oct 2025 00:00:00 GMT","Fri, 24 Oct 2025 06:00:29 GMT",
"JX233","RCTP ","VHHH ","Starlux Airlines Airbus A330-900","Starwalker 520JX","Starlux Virtual",80,"Approved","6943","Passenger","297","FIRST ROTW!(2x)","Thu, 23 Oct 2025 00:00:00 GMT","Fri, 24 Oct 2025 08:11:19 GMT","Weather: Calm but cloudy and wet. Vis: <6sm"
"JX233","VHHH ","RCTP ","Starlux Airlines Airbus A330-900","Starwalker 520JX","Starlux Virtual",92,"Approved","7246","Passenger","278","FIRST ROTW!(2x)","Thu, 23 Oct 2025 00:00:00 GMT","Fri, 24 Oct 2025 08:14:07 GMT","Weather: Heavy rain and wind Vis: <6sm Note: extreme wind sheer reported had to go around adding 20 min to expected arrival time."
"SQ 285","WSSS","NZAA","Singapore Airlines Airbus A350-900","Starwalker 069JX","Singapore Virtual",544,"Approved","49832","Passenger","238","FIRST ROTW!(2x)","Fri, 24 Oct 2025 00:00:00 GMT","Fri, 24 Oct 2025 18:04:41 GMT","Simbrief air time used due to ap+ glitch"
"QR 764","CYUL","OTHH","Qatar Airways Boeing 777-300ER","Starwalker 069JX","N/A",661,"Approved","104652","Passenger","270","FIRST ROTW!(2x)","Sat, 25 Oct 2025 00:00:00 GMT","Sat, 25 Oct 2025 06:35:40 GMT",
"JX838","RCTP","RJGG","Starlux Airlines Airbus A330-900","Starwalker 520JX","Starlux Virtual",132,"Approved","10451","Passenger","235","None","Fri, 24 Oct 2025 00:00:00 GMT","Sat, 25 Oct 2025 11:43:19 GMT","Weather: Heavy rain and wind Vis: <6sm at RCTP clear at RJGG. Note: Good tail wind allowing GS over 500 knots."
"JX834","RJGG","RCTP","Starlux Airlines Airbus A330-900","Starwalker 520JX","Starlux Virtual",197,"Approved","14854","Passenger","226","None","Fri, 24 Oct 2025 00:00:00 GMT","Sat, 25 Oct 2025 11:47:04 GMT","Weather: Heavy rain and wind Vis: <6sm at RCTP clear at RJGG. Note: Headwind for 50% of the flight adding 44 min another 30 min added for 2 go arounds due to wind sheer"
"JX715","RCTP","VVDN","Starlux Airlines Airbus A330-900","Starwalker 006JX","Starlux Virtual",148,"Approved","22568","Passenger","306","Event(5x)","Sat, 25 Oct 2025 00:00:00 GMT","Sun, 26 Oct 2025 02:06:26 GMT",
"JX703","RCTP","VVDN","Starlux Airlines Airbus A330-900","Starwalker 458JX","Starlux Virtual",134,"Approved","10409","Passenger","306","A330-900(2x)","Sun, 26 Oct 2025 00:00:00 GMT","Sun, 26 Oct 2025 02:26:24 GMT",
"JX9999","RCTP","VVDN","Starlux Airlines Airbus A330-900","Starwalker 004JX","Starlux Virtual",136,"Approved","10634","Passenger","282","Event(5x)","Sat, 25 Oct 2025 00:00:00 GMT","Sun, 26 Oct 2025 09:42:44 GMT",
"BW600","CYYZ","TTPP","Caribbean Airlines Boeing 737-8 MAX","Starwalker 458JX","Starlux Virtual",339,"Approved","9748","Passenger","174","FIRST ROTW!(2x)","Tue, 28 Oct 2025 00:00:00 GMT","Tue, 28 Oct 2025 13:35:43 GMT",
"KE 025","RKSI","KMIA","Generic Boeing 787-9","Starwalker 069JX","N/A",837,"Approved","75911","Passenger","350","None","Wed, 29 Oct 2025 00:00:00 GMT","Wed, 29 Oct 2025 11:54:02 GMT","Korean air 787-9 was used for this flight"
"JX12","RCTP","KSFO","Starlux Airbus A350","Starwalker 115JX","Starlux Virtual",614,"Approved","56342","Passenger","79","FIRST ROTW!(2x)","Wed, 29 Oct 2025 00:00:00 GMT","Thu, 30 Oct 2025 11:26:09 GMT",
"JX11","KSFO","RCTP","Starlux Airbus A350","Starwalker 115JX","Starlux Virtual",793,"Approved","61254","Passenger","83","FIRST ROTW!(2x)","Thu, 30 Oct 2025 00:00:00 GMT","Thu, 30 Oct 2025 11:27:19 GMT",
"JX804","RCTP ","RJAA","Starlux Airlines Airbus A330-900","Starwalker 520JX","Starlux Virtual",149,"Approved","11839","Passenger","208","None","Fri, 31 Oct 2025 00:00:00 GMT","Sat, 01 Nov 2025 05:25:02 GMT","Weather: Heavy overcast Vis: 10sm High winds pushing up the coast of Japan. Was able to reduce to M0.79 and still arrive on time."
"JX805","RJAA","RCTP ","Starlux Airlines Airbus A330-900","Starwalker 520JX","Starlux Virtual",173,"Approved","14625","Passenger","287","None","Fri, 31 Oct 2025 00:00:00 GMT","Sat, 01 Nov 2025 05:29:17 GMT","Weather: Heavy overcast Vis 10sm. Headwind expecting an additional 1 hour of flight time to return to RCTP. Was able to arrive 35 min earlier and save 2,000 kgs of fuel."
"JX862","RCTP ","RJSS ","Starlux Airlines Airbus A330-900","Starwalker 520JX","Starlux Virtual",161,"Approved","11425","Passenger","209","None","Sat, 01 Nov 2025 00:00:00 GMT","Sat, 01 Nov 2025 09:36:33 GMT","Weather: Heavy mid level winds during climb. Vis: 10sm. When turning direct to ROBIN over the mountain had sudden loss of airspeed but not altitude. Tail wind into Sendai so strong had to reduce to M0.76 while starting descent."
"QR240","LTFM","OTHH","Qatar Airways Boeing 787-8","Starwalker 004JX","Qatar Virtual",223,"Approved","15984","Passenger","258","None","Fri, 31 Oct 2025 00:00:00 GMT","Sun, 02 Nov 2025 04:16:13 GMT",
"WY827","OOMS","VTSP","Oman Air Boeing 737-8 MAX","Starwalker 458JX","Starlux Virtual",321,"Approved","8265","Passenger","175","ROTW(2x)","Sun, 02 Nov 2025 00:00:00 GMT","Sun, 02 Nov 2025 10:51:14 GMT",
"JX863","RJSS","RCTP ","Starlux Airlines Airbus A330-900","Starwalker 520JX","Starlux Virtual",218,"Approved","16146","Passenger","297","None","Sat, 01 Nov 2025 00:00:00 GMT","Mon, 03 Nov 2025 07:01:11 GMT","Weather: Broken clouds at 20K Vis: Clear. Note with the Easterly winds over Japan the return flight requires an additional 1 hour."
"JX02","RCTP ","KLAX ","Starlux Airbus A350","Starwalker 520JX","Starlux Virtual",604,"Approved","46926","Passenger","304","None","Sat, 01 Nov 2025 00:00:00 GMT","Mon, 03 Nov 2025 07:09:56 GMT","Weather: Rain out of Taipei. Vis: <6sm. Note: Due to incredible tail winds we arrived in KLAX in only 10 hours (40 min early) and saved 15,000 kg fuel. The aircraft was then ferry flight moved to KONT for maintenance and back to KLAX. "
"JX01","KLAX ","RCTP ","Starlux Airbus A350","Starwalker 520JX","Starlux Virtual",816,"Approved","70214","Passenger","279","None","Sun, 02 Nov 2025 00:00:00 GMT","Mon, 03 Nov 2025 07:17:39 GMT","Weather: Calm Vis: Clear. Note: Very long flight due to headwinds had to fly further South in the tropics adding distance. Still had 20,000 kg fuel in the tanks after arrival despite burning an incredible 70K. Changing fuel factor from M05 to M06 to adjust and monitor."
"FJ810","NFFN","KLAX","Fiji Airways Airbus A350-900","Starwalker 458JX","Starlux Virtual",578,"Approved","52150","Passenger","313","ROTW(2x)","Mon, 03 Nov 2025 00:00:00 GMT","Mon, 03 Nov 2025 12:40:38 GMT",
"JX32","RCTP ","KSEA ","Starlux Airbus A350","Starwalker 520JX","Starlux Virtual",568,"Approved","49935","Passenger","264","ROTW(2x)","Mon, 03 Nov 2025 00:00:00 GMT","Tue, 04 Nov 2025 03:09:17 GMT","Weather: Heavy turbulence passing Japan and rough raining weather over Seattle Vis: Clear only half over the Pacific."
"JX31","KSEA ","RCTP ","Starlux Airbus A350","Starwalker 520JX","Starlux Virtual",720,"Approved","53304","Passenger","262","ROTW(2x)","Mon, 03 Nov 2025 00:00:00 GMT","Tue, 04 Nov 2025 05:27:17 GMT","Weather: Rough and rainy out of Seattle. Vis: >6sm Note: Need to track as far North as possible to get over the jetstream. Arrived 39 min early and saved 17,000 kg of fuel than expected."
"JX870","RCTP ","ROAH ","Generic Airbus A321","Starwalker 520JX","Starlux Virtual",54,"Approved","2486","Passenger","154","Dean’s 2.5x Multiplier(2.5x)","Tue, 04 Nov 2025 00:00:00 GMT","Tue, 04 Nov 2025 13:53:36 GMT","Weather: Rough and wet out of Taipei. Vis: >10sm. Had a sudden drop in airspeed again above the mountain after takeoff. This is why they cancel speed restrictions in real operations. Using my multiplier since I am flying here tomorrow for real."
"JX871","ROAH ","RCTP ","Generic Airbus A321","Starwalker 520JX","Starlux Virtual",75,"Approved","3120","Passenger","123","None","Tue, 04 Nov 2025 00:00:00 GMT","Tue, 04 Nov 2025 14:05:31 GMT","Weather: Rain storms out of Okinawa. Had to climb fast. Vis: Clear above FL250. Strange descent into Taipei from FL390 down to the deck requiring 220 KIA and flaps 1"
"JX838","RCTP ","RJGG","Starlux Airlines Airbus A330-900","Starwalker 520JX","Starlux Virtual",125,"Approved","9872","Passenger","297","ROTW(2x)","Tue, 04 Nov 2025 00:00:00 GMT","Tue, 04 Nov 2025 14:11:04 GMT","Weather: wind sheer effect on takeoff. Wet and turbulent air. Vis 10sm. Made great time to RJGG topping 565 gs."
"JX839","RJGG","RCTP ","Starlux Airlines Airbus A330-900","Starwalker 520JX","Starlux Virtual",180,"Approved","12723","Passenger","207","ROTW(2x)","Tue, 04 Nov 2025 00:00:00 GMT","Tue, 04 Nov 2025 17:36:37 GMT","Weather: Overcast with light rain. Vis Clear above FL250.  Note: Took exactly one hour longer to get back to Taiwan due to the headwind in the jetstream"
"QR780","OTHH","SBGR","Starlux Airbus A350","Starwalker 006JX","Qatar Virtual",951,"Approved","61444","Passenger","325","ROTW(2x)","Tue, 04 Nov 2025 00:00:00 GMT","Tue, 04 Nov 2025 22:54:31 GMT","Flew A350 with Qatar livery instead of Starlux. Calm flight, used ap+ for the 99% of the time "
"JX 838","RCTP","RJGG","Starlux Airlines Airbus A330-900","Starwalker 069JX","Starlux Virtual",129,"Approved","11308","Passenger","322","ROTW(2x)","Wed, 05 Nov 2025 00:00:00 GMT","Wed, 05 Nov 2025 11:32:29 GMT",
"JX31","KSEA","RCTP","Starlux Airbus A350","Starwalker 458JX","Starlux Virtual",695,"Approved","54635","Passenger","366","ROTW(2x)","Wed, 05 Nov 2025 00:00:00 GMT","Wed, 05 Nov 2025 13:14:06 GMT",
"BW34","MKJP","KFLL","Generic Bombardier Dash 8-Q400","Starwalker 458JX","Starlux Virtual",152,"Approved","2045","Passenger","132","None","Sat, 08 Nov 2025 00:00:00 GMT","Sat, 08 Nov 2025 11:10:11 GMT",
"HO1601","ZSPD","WSSS","Juneyao Air Boeing 787-9","Starwalker 458JX","Starlux Virtual",282,"Approved","24726","Passenger","364","ROTW(2x)","Sat, 08 Nov 2025 00:00:00 GMT","Sat, 08 Nov 2025 12:43:24 GMT",
"FIJI 810","NFFN","KLAX","Fiji Airways Airbus A350-900","Starwalker 179JX","Starlux Virtual",634,"Approved","57000","Passenger","265","ROTW(2x)","Sat, 08 Nov 2025 00:00:00 GMT","Sat, 08 Nov 2025 14:10:29 GMT",
"JX1","KLAX","RCTP","Starlux Airbus A350","Starwalker 115JX","Starlux Virtual",836,"Approved","59968","Passenger","87","Effective’s 3x Multiplier(3x)","Sat, 08 Nov 2025 00:00:00 GMT","Sun, 09 Nov 2025 19:30:53 GMT",
"3U 8271","LSZH","ZUTF","Generic Airbus A330-300","Starwalker 458JX","Starlux Virtual",575,"Approved","34521","Passenger","351","ROTW(2x)","Tue, 11 Nov 2025 00:00:00 GMT","Tue, 11 Nov 2025 01:20:12 GMT",
"SINGAPORE SQ302","WSSS","EGCC","Singapore Airlines Airbus A350-900","Starwalker 179JX","Starlux Virtual",743,"Approved","86000","Passenger","314","ROTW(2x)","Mon, 10 Nov 2025 00:00:00 GMT","Tue, 11 Nov 2025 02:20:29 GMT",
"HO1356","ZSPD","WADD","Generic Airbus A320","Starwalker 458JX","Starlux Virtual",350,"Approved","13712","Passenger","153","ROTW(2x)","Tue, 11 Nov 2025 00:00:00 GMT","Wed, 12 Nov 2025 03:36:23 GMT",
"JX02","RCTP ","KLAX ","Starlux Airbus A350","Starwalker 520JX","Starlux Virtual",686,"Approved","50282","Passenger","310","None","Fri, 14 Nov 2025 00:00:00 GMT","Sat, 15 Nov 2025 00:36:27 GMT","Weather: Wet and windy out of RCTP. Vis: Clear above 25K. Used 13,000 kg less fuel than expected even with fuel factor M06"
"JX01","KLAX ","RCTP ","Starlux Airbus A350","Starwalker 520JX","Starlux Virtual",799,"Approved","66951","Passenger","265","ROTW(2x)","Fri, 14 Nov 2025 00:00:00 GMT","Sat, 15 Nov 2025 07:50:53 GMT","Weather: No weather but heavy crosswind turbulence out over the ocean from LAX. Vis: Clear. Over 13 hours but arrived 30 min early and overweight."
"AQ1001","ZBAD","ZGGG","Caribbean Airlines Boeing 737-8 MAX","Starwalker 663JX","Starlux Virtual",274,"Approved","8030","Passenger","189","None","Sat, 15 Nov 2025 00:00:00 GMT","Sat, 15 Nov 2025 10:33:02 GMT","The B738M was operated by 9AIR, a subsidiary of Juneyao but there was not an option for it, so that’s why the different operators."
"SQ851","ZGGG","WSSS","Singapore Airlines Airbus A350-900","Starwalker 458JX","Starlux Virtual",210,"Approved","23957","Passenger","351","None","Sat, 15 Nov 2025 00:00:00 GMT","Sat, 15 Nov 2025 14:56:10 GMT",
"JX12","RCTP ","KSFO ","Starlux Airbus A350","Starwalker 520JX","Starlux Virtual",621,"Approved","54804","Passenger","299","ROTW(2x)","Sat, 15 Nov 2025 00:00:00 GMT","Sat, 15 Nov 2025 17:16:34 GMT","Weather: Rough turbulent winds north of RCTP right after takeoff. Vis: Clear. Note: Still arrived 2,000 kg more fuel then planned even using fuel factor M10"
"JX11","KSFO ","RCTP ","Starlux Airbus A350","Starwalker 520JX","Starlux Virtual",802,"Approved","60734","Passenger","346","ROTW(2x)","Sat, 15 Nov 2025 00:00:00 GMT","Sun, 16 Nov 2025 13:40:31 GMT","Weather: Beautiful Vis: Clear. Note Due to the headwinds and a missed approach the flight time was 13:22. Still had 12,000 kg more fuel than I should have even with fuel factor M12"
"EVENT","OBBI","OOMS","Oman Air Boeing 737-8 MAX","Starwalker 006JX","Starlux Virtual",85,"Approved","179000","Passenger","189","Event(5x)","Sun, 16 Nov 2025 00:00:00 GMT","Sun, 16 Nov 2025 15:46:39 GMT",
"JX9999","OBBI","OOMS","Oman Air Boeing 737-8 MAX","Starwalker 004JX","Oman Virtual",80,"Approved","2770","Passenger","157","Event(5x)","Sun, 16 Nov 2025 00:00:00 GMT","Sun, 16 Nov 2025 16:10:15 GMT",
"HO1657","ZSPD","LGAV","Juneyao Air Boeing 787-9","Starwalker 458JX","Hainan Virtual",720,"Approved","35000","Passenger","361","ROTW(2x)","Sun, 16 Nov 2025 00:00:00 GMT","Sun, 16 Nov 2025 21:54:41 GMT",
"JBU1932","KIAH","KBOS","JetBlue Airbus A220-300","Starwalker 458JX","JetBlue Virtual",210,"Approved","7523","Passenger","155","ROTW(2x)","Sun, 16 Nov 2025 00:00:00 GMT","Sun, 16 Nov 2025 22:00:31 GMT",
"HO1657","ZSPD","LGAV","Juneyao Air Boeing 787-9","Starwalker 006JX","Juneyao Virtual",720,"Approved","169000","Passenger","280","ROTW(2x)","Sun, 16 Nov 2025 00:00:00 GMT","Mon, 17 Nov 2025 04:17:13 GMT",
"SQ442","WSSS","VNKT","Singapore Airlines Boeing 737-8 MAX","Starwalker 458JX","Singapore Virtual",295,"Approved","10752","Passenger","189","ROTW(2x)","Tue, 18 Nov 2025 00:00:00 GMT","Tue, 18 Nov 2025 05:50:42 GMT",
"JX12","RCTP","KSFO","Starlux Airbus A350","Starwalker 115JX","Starlux Virtual",619,"Approved","52361","Passenger","83","ROTW(2x)","Mon, 17 Nov 2025 00:00:00 GMT","Tue, 18 Nov 2025 17:46:48 GMT",
"JX12","RCTP","KSFO","Starlux Airbus A350","Starwalker 115JX","Starlux Virtual",617,"Approved","56432","Passenger","83","None","Mon, 17 Nov 2025 00:00:00 GMT","Tue, 18 Nov 2025 17:47:49 GMT",
"FIJI 890","NFFN","KDFW","Fiji Airways Airbus A350-900","Starwalker 179JX","Starlux Virtual",674,"Approved","72000","Passenger","302","ROTW(2x)","Wed, 19 Nov 2025 00:00:00 GMT","Wed, 19 Nov 2025 04:24:03 GMT",
"SQ286","NZAA","WSSS","Singapore Airlines Airbus A350-900","Starwalker 458JX","Singapore Virtual",600,"Approved","37111","Passenger","240","ROTW(2x)","Wed, 19 Nov 2025 00:00:00 GMT","Wed, 19 Nov 2025 13:47:03 GMT",
"JX711","RCTP ","VVTS ","Starlux Airbus A350","Starwalker 520JX","Starlux Virtual",203,"Approved","15838","Passenger","268","ROTW(2x)","Tue, 18 Nov 2025 00:00:00 GMT","Thu, 20 Nov 2025 07:26:46 GMT","Weather: Rain and turbulent out of RCTP. Vis: Clear above FL250. "
"JX712","VVTS ","RCTP ","Starlux Airbus A350","Starwalker 520JX","Starlux Virtual",160,"Approved","13830","Passenger","346","ROTW(2x)","Tue, 18 Nov 2025 00:00:00 GMT","Thu, 20 Nov 2025 07:30:30 GMT","Weather: Mild fairly clam winds. Vis: clear. Note Using M12 fuel factor the fuel burn actual was almost exactly the expect amount."
"JX12","RCTP ","KSFO ","Starlux Airbus A350","Starwalker 520JX","Starlux Virtual",602,"Approved","49419","Passenger","305","None","Thu, 20 Nov 2025 00:00:00 GMT","Thu, 20 Nov 2025 07:43:59 GMT","Weather: Calm Vis: clear Note: Not a ROTW but did it for pilot jumpseat to switch over to Fiji Airlines. Fuel burned was exactly as expected using M15 fuel factor."
"SQ 285","WSSS","NZAA","Singapore Airlines Airbus A350-900","Starwalker 179JX","Starlux Virtual",573,"Approved","53500","Passenger","315","ROTW(2x)","Thu, 20 Nov 2025 00:00:00 GMT","Thu, 20 Nov 2025 15:09:28 GMT",
"FJ871","KSFO","NFFN","Fiji Airways Airbus A350-900","Starwalker 520JX","Starlux Virtual",653,"Approved","53634","Passenger","346","None","Thu, 20 Nov 2025 00:00:00 GMT","Fri, 21 Nov 2025 12:10:36 GMT","Weather: Beautiful Vis: Clear. Note After jump seating to SFO I acted as relief pilot the the flight to Fiji to prepare for the ROTW leg to Dallas."
"FJ890","NFFN ","KDFW ","Fiji Airways Airbus A350-900","Starwalker 520JX","Starlux Virtual",660,"Approved","59959","Passenger","273","ROTW(2x)","Fri, 21 Nov 2025 00:00:00 GMT","Fri, 21 Nov 2025 12:16:51 GMT","Weather: light breeze but beautiful. Vis: Clear. Note: The FPL cleared us to takeoff on runway 02 but we barely cleared the mountains. Good tailwind and arrived an hour early and saved 2,000 kg fuel."
"JX 9999","LGAV","LGSK","Aegean Airlines - 2020 Airbus A320","Starwalker 001JX","Aegean Virtual",50,"Approved","23123","Passenger","123","Event(5x)","Sat, 22 Nov 2025 00:00:00 GMT","Sat, 22 Nov 2025 16:15:31 GMT","LGAV-LGSK-LGAV"
"JX 9999","LGSK","LGAV","Aegean Airlines - 2020 Airbus A320","Starwalker 458JX","Aegean Virtual",50,"Approved","5000","Passenger","163","Event(5x)","Sat, 22 Nov 2025 00:00:00 GMT","Sat, 22 Nov 2025 16:19:17 GMT","Event 22nd of November"
"JX9999","LGSK","LGSK","Aegean Airlines - 2020 Airbus A320","Starwalker 004JX","Starlux Virtual",56,"Approved","3055","Passenger","140","Event(5x)","Sun, 23 Nov 2025 00:00:00 GMT","Sat, 22 Nov 2025 16:19:33 GMT","2 legs LGSK-LGAV-LGSK"
"JX99999","LGSK","LGAV","Aegean Airlines - 2020 Airbus A320","Starwalker 006JX","Aegean Virtual",50,"Approved","1","Passenger","280","Event(5x)","Sat, 22 Nov 2025 00:00:00 GMT","Sat, 22 Nov 2025 18:33:08 GMT",
"FJ891","KDFW","NFFN ","Fiji Airways Airbus A350-900","Starwalker 520JX","Starlux Virtual",799,"Approved","68574","Passenger","345","ROTW(2x)","Sat, 22 Nov 2025 00:00:00 GMT","Sat, 22 Nov 2025 18:38:12 GMT","Weather: Calm Vis: Clear. Note Burned almost exactly the expected fuel and landed exactly on time using fuel factor M15"
"JX803","RJAA ","RCTP ","Starlux Airlines Airbus A330-900","Starwalker 520JX","N/A",245,"Approved","16096","Passenger","274","ROTW(2x)","Sun, 23 Nov 2025 00:00:00 GMT","Sun, 23 Nov 2025 15:47:43 GMT","Weather: Calm Vis: Clear. Note: Extreme headwinds in excess of 130 knots. Took 30 min longer than expected and used an additional 1,000 kg of fuel."
"KE185","RCTP ","RKSI ","Korean Air Boeing 777-300ER","Starwalker 520JX","Starlux Virtual",115,"Approved","12759","Passenger","333","ROTW(2x)","Sun, 23 Nov 2025 00:00:00 GMT","Mon, 24 Nov 2025 04:45:57 GMT","Weather: Calm Vis: clear. Note: First time flying a Boeing 777. "
"KE185","RKSI ","RCTP ","Korean Air Boeing 777-300ER","Starwalker 520JX","Starlux Virtual",128,"Approved","14285","Passenger","373","ROTW(2x)","Mon, 24 Nov 2025 00:00:00 GMT","Mon, 24 Nov 2025 07:57:11 GMT","Weather: Crosswind takeoff, 140 kt winds aloftVis: Clear. Note: Jetstream hitting at 90 degrees. Aircraft has to bank 5 degrees right to compensate."
"JX771","RCTP ","WSSS ","Starlux Airlines Airbus A330-900","Starwalker 520JX","Starlux Virtual",261,"Approved","19708","Passenger","279","ROTW(2x)","Mon, 24 Nov 2025 00:00:00 GMT","Mon, 24 Nov 2025 12:31:11 GMT","Weather: Calm Vis: Clear Note: Aircraft was tuned to 20C ILS but the approach waypoints were loaded for 02C. Had to perform missed approach and then just flew stick all the way in. Only extended 15 min yet arrived with the expected fuel level."
"JBU1202","KJFK","KBUF","JetBlue Airbus A220-300","Starwalker 115JX","JetBlue Virtual",54,"Approved","3245","Passenger","45","None","Mon, 24 Nov 2025 00:00:00 GMT","Tue, 25 Nov 2025 00:47:48 GMT",
"QR778","OTHH","KMIA","Starlux Airbus A350","Starwalker 179JX","Starlux Virtual",837,"Approved","91497","Passenger","248","ROTW(2x)","Tue, 25 Nov 2025 00:00:00 GMT","Tue, 25 Nov 2025 03:06:35 GMT","USED QATAR AIRWAYS A350 BUT THERE WASN'T AMONG THE AIRCRAFT SELECTION TAB HERE IN THE CREW CENTER"
"SQ285","WSSS","NZAA ","Singapore Airlines Airbus A350-900","Starwalker 520JX","Starlux Virtual",575,"Approved","37945","Passenger","313","ROTW(2x)","Tue, 25 Nov 2025 00:00:00 GMT","Tue, 25 Nov 2025 05:33:33 GMT","Weather: Calm Vis: Clear. Note: The 20C SID to the SE has meticulous altitude requirements requiring heavy concentration on V/S."
"FJ411","NZAA","NFFN","Fiji Airways Airbus A350-900","Starwalker 520JX","Starlux Virtual",171,"Approved","14070","Passenger","260","ROTW(2x)","Tue, 25 Nov 2025 00:00:00 GMT","Tue, 25 Nov 2025 16:44:00 GMT","Weather: Calm Vis: Clear. This FPL was almost a perfect straight line North with a straight in RNAV approach. Doesn't get any easier."
"FJ350","NFFN","RJAA ","Generic Airbus A330-300","Starwalker 520JX","Starlux Virtual",477,"Approved","40804","Passenger","275","ROTW(2x)","Tue, 25 Nov 2025 00:00:00 GMT","Tue, 25 Nov 2025 18:50:41 GMT","Weather: Calm out of Fiji Vis: Clear Note: No surface winds over Tokyo but the winds aloft are exceeding 155 kts making STAR arrivals challenging."
"FJ351","RJAA ","NFFN ","Generic Airbus A330-300","Starwalker 520JX","Starlux Virtual",472,"Approved","31364","Passenger","309","ROTW(2x)","Wed, 26 Nov 2025 00:00:00 GMT","Wed, 26 Nov 2025 05:36:20 GMT","Weather: Rough upper level winds. Vis: clear. Note: the tail wind helped arrive 30 min early and saved 8,000 kg of fuel but it was rough."
"JX838","RCTP","RJGG","Generic Airbus A330-300","Callsign Missing","Starlux Virtual",167,"Approved","10218","Passenger","296","None","Wed, 26 Nov 2025 00:00:00 GMT","Wed, 26 Nov 2025 07:35:42 GMT",
"FJ410","NFFN ","NZAA ","Fiji Airways Airbus A350-900","Starwalker 520JX","Starlux Virtual",148,"Approved","12380","Passenger","270","ROTW(2x)","Wed, 26 Nov 2025 00:00:00 GMT","Wed, 26 Nov 2025 08:20:42 GMT","Weather: Calm with tailwind heading south. Vis: Clear. Note the EXOP6D STAR for 05R is what Simbrief loads and will not set you up correctly for an ILS approach. Use STAR arrival EX0P9B"
"SQ286","NZAA ","WSSS","Singapore Airlines Airbus A350-900","Starwalker 520JX","Starlux Virtual",655,"Approved","57091","Passenger","273","ROTW(2x)","Wed, 26 Nov 2025 00:00:00 GMT","Thu, 27 Nov 2025 07:13:03 GMT","Weather: slight crosswind takeoff Vis: Clear. Note: Easterly winds over Australia is brutal to fly back to Singapore. Recommended trying to find a more northerly track out of NZ."
"SQ298","WSSS","WARR","Singapore Airlines Airbus A350-900","Starwalker 520JX","Starlux Virtual",106,"Approved","8735","Passenger","228","ROTW(2x)","Thu, 27 Nov 2025 00:00:00 GMT","Thu, 27 Nov 2025 18:03:14 GMT","Weather: Calm Vis: Clear Note: Fun short flight. Great RNAV approach"
"SQ297","WARR ","WSSS","Singapore Airlines Airbus A350-900","Starwalker 520JX","Starlux Virtual",114,"Approved","9425","Passenger","284","ROTW(2x)","Thu, 27 Nov 2025 00:00:00 GMT","Thu, 27 Nov 2025 18:07:11 GMT","Weather: Calm Vis: Clear. Note Used RNAV approach to 20R and practiced slowest practice"
"JX772","WSSS","RCTP ","Starlux Airlines Airbus A330-900","Starwalker 520JX","Starlux Virtual",240,"Approved","19775","Passenger","273","ROTW(2x)","Thu, 27 Nov 2025 00:00:00 GMT","Thu, 27 Nov 2025 18:19:11 GMT","Weather: Calm with overcast over Taiwan Vis: Clear above 10K ft. Note: SID for 20C was a corkscrew. Very fun to execute if done correctly at 210 kts until turning North. "
"JX10","RCTP","KONT","Starlux Airbus A350","Starwalker 179JX","Starlux Virtual",633,"Approved","68000","Passenger","315","ROTW(2x)","Fri, 28 Nov 2025 00:00:00 GMT","Fri, 28 Nov 2025 02:32:12 GMT",
"JX19","RCTP ","KONT ","Starlux Airbus A350","Starwalker 520JX","Starlux Virtual",670,"Approved","58843","Passenger","324","ROTW(2x)","Thu, 27 Nov 2025 00:00:00 GMT","Sat, 29 Nov 2025 06:49:31 GMT","Weather: Slight chop and overcast Vis: Clear above FL200. FPL was a more southern track over to Okinawa and then almost straight across. Tail winds pushing up to 635 kts GS. However, burned 3,000 kg more fuel than expected because AP+ was off most of the flight."
"JX9","KONT ","RCTP ","Starlux Airbus A350","Starwalker 520JX","Starlux Virtual",860,"Approved","78927","Passenger","340","ROTW(2x)","Fri, 28 Nov 2025 00:00:00 GMT","Sat, 29 Nov 2025 06:58:00 GMT","Weather: Calm out of the LAX area. Vis: Clear. Note Intense Arctic cyclone with winds extending far north. Too far to go over. Take southern route. Headwinds extending flight time from 12 hours to 14+ hours."
"SQ711","VTBS","WSSS","Singapore Airlines Airbus A350-900","Starwalker 612JX","Singapore Virtual",120,"Approved","11128","Passenger","315","IF48(1.5x)","Sat, 29 Nov 2025 00:00:00 GMT","Sat, 29 Nov 2025 15:41:25 GMT",
"JX9999","RCTP","HKJK","Starlux Airlines Airbus A330-900","Starwalker 179JX","Starlux Virtual",673,"Approved","84000","Passenger","282","Event(5x)","Sun, 30 Nov 2025 00:00:00 GMT","Sun, 30 Nov 2025 03:22:00 GMT","NAIROBI EVENT"
"JX 9999","RCTP","WSSS","Starlux Airlines Airbus A330-900","Starwalker 001JX","Starlux Virtual",692,"Approved","23123","Passenger","123","Event(5x)","Sun, 30 Nov 2025 00:00:00 GMT","Sun, 30 Nov 2025 09:46:09 GMT",
"JX771","RCTP ","WSSS","Starlux Airlines Airbus A330-900","Starwalker 520JX","Starlux Virtual",267,"Approved","19766","Passenger","238","IF48(1.5x)","Sun, 30 Nov 2025 00:00:00 GMT","Mon, 01 Dec 2025 15:52:09 GMT","Weather: Calm Vis: Clear "
"JX772","WSSS","RCTP ","Starlux Airlines Airbus A330-900","Starwalker 520JX","Starlux Virtual",264,"Approved","18588","Passenger","289","None","Mon, 01 Dec 2025 00:00:00 GMT","Mon, 01 Dec 2025 15:56:02 GMT","Weather: Calm Vis: Clear. Note: special departure SID for event that required altitude to be reached before proceeding. On course."
"JX838","RCTP ","RJGG","Starlux Airlines Airbus A330-900","Starwalker 520JX","Starlux Virtual",122,"Approved","9680","Passenger","240","ROTW(2x)","Tue, 02 Dec 2025 00:00:00 GMT","Wed, 03 Dec 2025 09:32:43 GMT","Weather: Slightly turbulent winds at around 4K feet. Vis: Clear Note: Arrived exactly on time with near exact fuel usage using M10 for the short haul flight."
"JX839","RJGG","RCTP ","Starlux Airlines Airbus A330-900","Starwalker 520JX","Starlux Virtual",201,"Approved","14749","Passenger","242","ROTW(2x)","Tue, 02 Dec 2025 00:00:00 GMT","Wed, 03 Dec 2025 09:36:57 GMT","Weather: Crosswinds on takeoff with severe turbulence on 05R final into Taipei. Vis: Clear above 20K. Note: Headwinds exceeding 150 kts requiring an extra hour on the return leg."
"JX761","RCTP","WIII","Generic Airbus A321","Starwalker 601JX","Starlux Virtual",315,"Approved","21134","Passenger","196","None","Wed, 03 Dec 2025 00:00:00 GMT","Thu, 04 Dec 2025 01:20:44 GMT",
"JX762","WIII","RCTP","Generic Airbus A321","Starwalker 601JX","Starlux Virtual",293,"Approved","17447","Passenger","193","None","Thu, 04 Dec 2025 00:00:00 GMT","Thu, 04 Dec 2025 10:01:38 GMT",
"JX802","RJAA","RCTP","Starlux Airlines Airbus A330-900","Starwalker 458JX","Starlux Virtual",211,"Approved","17398","Passenger","328","ROTW(2x)","Thu, 04 Dec 2025 00:00:00 GMT","Thu, 04 Dec 2025 15:20:26 GMT",
"JX761","RCTP","WIII","Generic Airbus A321","Starwalker 601JX","Starlux Virtual",305,"Approved","14447","Passenger","193","None","Fri, 05 Dec 2025 00:00:00 GMT","Fri, 05 Dec 2025 07:40:18 GMT",
"JX236","VHHH","RCTP","Singapore Airlines Airbus A350-900","Starwalker 715JX","Starlux Virtual",67,"Approved","5602","Passenger","263","None","Fri, 05 Dec 2025 00:00:00 GMT","Fri, 05 Dec 2025 08:46:58 GMT",
"KE 26","KMIA","RKSI","Generic Boeing 787-9","Starwalker 069JX","Korean Virtual",995,"Approved","92363","Passenger","219","GTR 1st Place(2x)","Fri, 05 Dec 2025 00:00:00 GMT","Fri, 05 Dec 2025 09:29:31 GMT","Korean air 789 used"
"JX846","RCTP ","RJFT","Starlux Airlines Airbus A330-900","Starwalker 520JX","Starlux Virtual",104,"Approved","8502","Passenger","244","ROTW(2x)","Wed, 03 Dec 2025 00:00:00 GMT","Sat, 06 Dec 2025 04:34:11 GMT","Weather: Turbulent winds above 3K. Vis: Clear above 20K. Note: RNAV approach to 25 is a must try. Take it slow below 200 knots on the base."
"JX847","RJFT ","RCTP ","Starlux Airlines Airbus A330-900","Starwalker 520JX","Starlux Virtual",133,"Approved","9653","Passenger","211","ROTW(2x)","Thu, 04 Dec 2025 00:00:00 GMT","Sat, 06 Dec 2025 04:41:42 GMT","Weather: slight crosswind takeoff from 25. Broken at 25K Vis: Clear."
"JX802","RCTP ","RJAA ","Starlux Airlines Airbus A330-900","Starwalker 520JX","Starlux Virtual",152,"Approved","11615","Passenger","238","ROTW(2x)","Sat, 06 Dec 2025 00:00:00 GMT","Sat, 06 Dec 2025 13:49:02 GMT","Weather: Calm leaving Taipei. Vis: clear. Note winds changed in Tokyo and had to circle around to land on the NW side."
"JX803","RJAA ","RCTP ","Starlux Airlines Airbus A330-900","Starwalker 520JX","Starlux Virtual",243,"Approved","17560","Passenger","297","ROTW(2x)","Sat, 06 Dec 2025 00:00:00 GMT","Sat, 06 Dec 2025 13:53:42 GMT","Weather: slight winds. Vis: Clear. Note winds changed again and took off to the NW. Issue with PIGOK2 SID due to strong tail winds at FL250. Do not fly to ROONY. Turn right direct to PIGOK."
"JX801","RJAA","RCTP","Starlux Airbus A350","Starwalker 006JX","Starlux Virtual",218,"Approved","24140","Passenger","325","ROTW(2x)","Sun, 07 Dec 2025 00:00:00 GMT","Sun, 07 Dec 2025 05:38:43 GMT",
"JX741","RCTP","VTBS","Starlux Airbus A350","Starwalker 458JX","Starlux Virtual",203,"Approved","17246","Passenger","219","ROTW(2x)","Mon, 08 Dec 2025 00:00:00 GMT","Mon, 08 Dec 2025 06:48:36 GMT","Leg #1 ROTW Challenge"
"HU430","VTBS","ZBAA","Hainan Airlines Boeing 737-800","Starwalker 458JX","Hainan Virtual",252,"Approved","10209","Passenger","161","ROTW(2x)","Mon, 08 Dec 2025 00:00:00 GMT","Mon, 08 Dec 2025 12:40:58 GMT","Leg #2 ROTW Challenge"
"JX741","RCTP ","VTBS ","Starlux Airbus A350","Starwalker 520JX","Starlux Virtual",211,"Approved","17533","Passenger","263","ROTW(2x)","Mon, 08 Dec 2025 00:00:00 GMT","Mon, 08 Dec 2025 13:16:37 GMT","ROTW Challenge leg 1. Weather: Calm out of Taipei, strong crosswind into Bangkok. Vis: Clear. Note: ILS on 01 not stable. Could not find glideslope at 3K ft. Hand to hand fly it in."
"HU430","VTBS ","ZBAA","Hainan Airlines Boeing 737-800","Starwalker 520JX","Starlux Virtual",277,"Approved","12116","Passenger","180","ROTW(2x)","Mon, 08 Dec 2025 00:00:00 GMT","Mon, 08 Dec 2025 17:04:48 GMT","Weather: Calm Vis: Clear. Note took 7 min longer than expected. Had to vector around from the North side to the South to land. Strict KIA of 280 and 210."
"HU751","ZBAA ","EIDW ","Generic Airbus A330-300","Starwalker 520JX","Starlux Virtual",629,"Approved","50113","Passenger","311","ROTW(2x)","Tue, 09 Dec 2025 00:00:00 GMT","Tue, 09 Dec 2025 06:27:55 GMT","ROTW Challenge leg 3. Weather: Calm Vis: clear. Note: Arrived 1 hour early and saved 7,000 kg of fuel by getting above the stronger winds."
"HU489","ZBAA","EDDB","Generic Airbus A330-300","Starwalker 458JX","Hainan Virtual",637,"Approved","51799","Passenger","256","ROTW(2x)","Tue, 09 Dec 2025 00:00:00 GMT","Tue, 09 Dec 2025 08:13:30 GMT","Leg #3 ROTW Challenge"
"QR82","EDBB","OTHH","Qatar Airways Boeing 787-8","Starwalker 458JX","Qatar Virtual",287,"Approved","28490","Passenger","287","ROTW(2x)","Tue, 09 Dec 2025 00:00:00 GMT","Tue, 09 Dec 2025 08:56:10 GMT",
"QR17","OTHH","EIDW","Qatar Airways Boeing 777-300ER","Starwalker 458JX","Qatar Virtual",425,"Approved","39794","Passenger","300","ROTW(2x)","Wed, 10 Dec 2025 00:00:00 GMT","Wed, 10 Dec 2025 00:54:06 GMT","Leg #4 ROTW Challenge"
"JX761","RCTP","WIII","Generic Airbus A321","Starwalker 601JX","Starlux Virtual",292,"Approved","20953","Passenger","184","None","Wed, 10 Dec 2025 00:00:00 GMT","Wed, 10 Dec 2025 04:34:27 GMT",
"QR18","EIDW ","OTHH ","Qatar Airways Boeing 777-200LR","Starwalker 520JX","Starlux Virtual",416,"Approved","37198","Passenger","254","ROTW(2x)","Tue, 09 Dec 2025 00:00:00 GMT","Wed, 10 Dec 2025 04:55:23 GMT","ROTW Challenge leg 4. Weather: Slight crosswind out of Dublin. Vis: Hazy Note: ran into more headwinds than expected and took 10 min longer."
"QR339","OTHH ","UUEE ","Qatar Airways Boeing 777-300ER","Starwalker 520JX","Starlux Virtual",303,"Approved","29715","Passenger","354","ROTW(2x)","Wed, 10 Dec 2025 00:00:00 GMT","Wed, 10 Dec 2025 10:59:14 GMT","ROTW Challenge leg 5. Weather: Calm and sunny. Vis: clear. Note: Speed restrictions into Moscow are 250 KIA even if above 10K."
"HU752","EIDW","ZBAA","Generic Airbus A330-300","Starwalker 458JX","Hainan Virtual",706,"Approved","52652","Passenger","267","ROTW(2x)","Wed, 10 Dec 2025 00:00:00 GMT","Wed, 10 Dec 2025 13:34:46 GMT","Leg #5 ROTW Challenge"
"HU7985","ZBAA","UUEE","Generic Airbus A330-300","Starwalker 458JX","Hainan Virtual",471,"Approved","42948","Passenger","285","ROTW(2x)","Thu, 11 Dec 2025 00:00:00 GMT","Wed, 10 Dec 2025 23:38:14 GMT","Leg #6 ROTW Challenge"
"QR340","UUEE","OTHH","Qatar Airways Boeing 777-300ER","Starwalker 458JX","Qatar Virtual",300,"Approved","29625","Passenger","293","ROTW(2x)","Thu, 11 Dec 2025 00:00:00 GMT","Thu, 11 Dec 2025 05:21:05 GMT","Leg #7 ROTW Challenge"
"HU7986","UUEE ","ZBAA ","Generic Airbus A330-300","Starwalker 520JX","Starlux Virtual",407,"Approved","26935","Passenger","335","ROTW(2x)","Wed, 10 Dec 2025 00:00:00 GMT","Thu, 11 Dec 2025 06:16:09 GMT","ROTW Challenge leg 6. Weather: calm Vis: Clear. Note: had good tailwind so the flight took less time than normal and saved 5,000 kg of fuel."
"QR1040","OTHH","OMAA","Generic Airbus A320","Starwalker 458JX","Qatar Virtual",35,"Approved","1697","Passenger","180","ROTW(2x)","Thu, 11 Dec 2025 00:00:00 GMT","Thu, 11 Dec 2025 06:19:05 GMT","Leg #8 ROTW Challenge"
"HU489","ZBAA ","EDDB ","Generic Airbus A330-300","Starwalker 520JX","Starlux Virtual",704,"Approved","42313","Passenger","292","ROTW(2x)","Thu, 11 Dec 2025 00:00:00 GMT","Thu, 11 Dec 2025 06:21:16 GMT","ROTW Challenge leg 7. Weather: Calm Vis: clear. Note headwinds stronger than expected adding 1 hour. However, saved 10,000 kg fuel. This is due to AP+ per IF staff."
"JX703","RCTP","VVDN","Generic Airbus A321","Starwalker 601JX","Starlux Virtual",141,"Approved","12406","Passenger","169","None","Thu, 11 Dec 2025 00:00:00 GMT","Thu, 11 Dec 2025 09:59:54 GMT",
"HU764","OMAA","ZJHK","Generic Airbus A330-300","Starwalker 458JX","Hainan Virtual",365,"Approved","46565","Passenger","335","None","Thu, 11 Dec 2025 00:00:00 GMT","Thu, 11 Dec 2025 12:49:48 GMT","Leg #8 ROTW Challenge"
"HU7935","ZJHK","VMMC","Hainan Airlines Boeing 737-800","Starwalker 458JX","Hainan Virtual",47,"Approved","2068","Passenger","184","ROTW(2x)","Fri, 12 Dec 2025 00:00:00 GMT","Fri, 12 Dec 2025 01:09:46 GMT","Leg #9 ROTW Challenge"
"JX202","VMMC","RCTP","Generic Airbus A321","Starwalker 458JX","Starlux Virtual",74,"Approved","1888","Passenger","220","ROTW(2x)","Fri, 12 Dec 2025 00:00:00 GMT","Fri, 12 Dec 2025 02:40:49 GMT","Leg #10 ROTW Challenge FINAL LET'S GO VAMOS BABY DONE IT"
"JX761","RCTP","WIII","Generic Airbus A321","Starwalker 601JX","Starlux Virtual",305,"Approved","21202","Passenger","194","None","Fri, 12 Dec 2025 00:00:00 GMT","Fri, 12 Dec 2025 06:39:14 GMT",
"QR80","EDDB","OTHH ","Qatar Airways Boeing 787-8","Starwalker 520JX","Starlux Virtual",323,"Approved","23346","Passenger","300","ROTW(2x)","Thu, 11 Dec 2025 00:00:00 GMT","Fri, 12 Dec 2025 07:35:58 GMT","ROTW Challenge leg 8. Weather: Calm Vis: Clear. Note The STAR approach from the NW filed in Simbrief must be flown at 250 and 220 KIA or you will overshoot the turns."
"QR1040","OTHH ","OMAA ","Generic Airbus A321","Starwalker 520JX","Starlux Virtual",39,"Approved","2136","Passenger","209","ROTW(2x)","Fri, 12 Dec 2025 00:00:00 GMT","Fri, 12 Dec 2025 11:30:16 GMT","ROTW Challenge leg 9. Weather: Calm Vis: Clear. Note STAR arrivals using simbrief must be flown at 250 and 220 KIA or you will overshoot the turns."
"EY551","OMAA","OERK","Generic Boeing 787-9","Starwalker 006JX","Singapore Virtual",86,"Approved","421547","Passenger","315","None","Fri, 12 Dec 2025 00:00:00 GMT","Sat, 13 Dec 2025 04:55:42 GMT","Etihad livery, option is not on the database or operator"
"HU764","OMAA ","ZJHK ","Generic Airbus A330-300","Starwalker 520JX","Starlux Virtual",379,"Approved","26589","Passenger","299","ROTW(2x)","Fri, 12 Dec 2025 00:00:00 GMT","Sat, 13 Dec 2025 13:24:33 GMT","ROTW Challenge leg 10. Weather: Calm Vis: clear. Note: The straight in approach from the East needs to be flown at reduced speed for right traffic."
"HU767","ZJHK ","VVTS ","Hainan Airlines Boeing 737-800","Starwalker 520JX","Starlux Virtual",155,"Approved","4666","Passenger","125","ROTW(2x)","Sat, 13 Dec 2025 00:00:00 GMT","Sat, 13 Dec 2025 13:36:00 GMT","ROTW Challenge leg 11. Weather: slight wind Vis: Hazy. Note: when following the arch STAR low speed allows earlier turns to final."
"JX712","VVTS ","RCTP ","Starlux Airbus A350","Starwalker 520JX","Starlux Virtual",170,"Approved","13582","Passenger","292","ROTW(2x)","Sat, 13 Dec 2025 00:00:00 GMT","Sat, 13 Dec 2025 14:55:45 GMT","ROTW Challenge leg 12 and final. Weather: wet. Vis: 10sm. Note: when arriving from the south for runway 05L it is standard proceedure to fly direct to KAREN if light traffic."
"QF25","YSSY","RJTT","Generic Airbus A330-300","Starwalker 350JX","Starlux Virtual",570,"Approved","212503","Passenger","216","None","Wed, 03 Dec 2025 00:00:00 GMT","Sun, 14 Dec 2025 10:26:31 GMT","finish"
"EY31","OMAA","LFPG","Etihad Airways Airbus A380","Starwalker 001JX","Starlux Virtual",430,"Approved","312","Passenger","312","None","Mon, 15 Dec 2025 00:00:00 GMT","Mon, 15 Dec 2025 01:31:58 GMT",
"JX2","RCTP","KLAX","Generic Airbus A321","Starwalker 350JX","Starlux Virtual",675,"Approved","72035","Passenger","228","None","Tue, 16 Dec 2025 00:00:00 GMT","Mon, 15 Dec 2025 23:06:29 GMT","26.1 beta"
"JX772","WSSS","RCTP","Starlux Airlines Airbus A330-900","Starwalker 004JX","Starlux Virtual",248,"Approved","21808","Passenger","296","None","Tue, 16 Dec 2025 00:00:00 GMT","Tue, 16 Dec 2025 03:48:59 GMT",
"JX2500","RCTP","RCTP","Generic Airbus A321","Starwalker 350JX","Starlux Virtual",60,"Approved","15000","Passenger","0","None","Tue, 16 Dec 2025 00:00:00 GMT","Tue, 16 Dec 2025 04:29:34 GMT","Training flight "
"EY898","RCTP ","OMAA ","Generic Boeing 787-9","Starwalker 520JX","Starlux Virtual",433,"Approved","45751","Passenger","290","ROTW(2x)","Mon, 15 Dec 2025 00:00:00 GMT","Tue, 16 Dec 2025 09:55:22 GMT","Weather: Calm Vis: Clear. Note: Make sure S turn STAR arrival is conducted at less than 280 KIA."
"EY155","OMAA ","LKPR","Generic Boeing 787-9","Starwalker 520JX","Starlux Virtual",376,"Approved","28671","Passenger","350","ROTW(2x)","Mon, 15 Dec 2025 00:00:00 GMT","Wed, 17 Dec 2025 08:26:14 GMT","Weather: slight crosswinds into Prague. Vis: Clear. Note took 30 min more than expected and burned 2,500 kg more fuel."
"EY156","LKPR ","OMAA ","Generic Boeing 787-9","Starwalker 520JX","Starlux Virtual",312,"Approved","25679","Passenger","350","ROTW(2x)","Tue, 16 Dec 2025 00:00:00 GMT","Wed, 17 Dec 2025 08:30:43 GMT","Weather: Slight crosswinds Vis: Clear. Note: Arrived 10 min early but burned an extra 1,000 kg fuel. Suspect this was due to an aggressive climb to cruise."
"JX1","KLAX","RCTP","Generic Airbus A321","Starwalker 350JX","Starlux Virtual",839,"Approved","93124","Passenger","226","None","Wed, 17 Dec 2025 00:00:00 GMT","Wed, 17 Dec 2025 15:02:42 GMT",
"EY101","OMAA ","LEMD ","Generic Boeing 787-9","Starwalker 520JX","Starlux Virtual",467,"Approved","37818","Passenger","333","ROTW(2x)","Wed, 17 Dec 2025 00:00:00 GMT","Thu, 18 Dec 2025 12:28:57 GMT","Weather: Calm Vis: mostly clear. Note. LEMD is an interesting layout."
"JX12","RCTP","KSFO","Generic Airbus A321","Starwalker 350JX","Starlux Virtual",650,"Approved","73842","Passenger","214","None","Thu, 18 Dec 2025 00:00:00 GMT","Thu, 18 Dec 2025 13:16:46 GMT",
"EY102","LEMD ","OMAA ","Generic Boeing 787-9","Starwalker 520JX","Starlux Virtual",416,"Approved","32423","Passenger","317","ROTW(2x)","Thu, 18 Dec 2025 00:00:00 GMT","Fri, 19 Dec 2025 13:20:22 GMT","Weather: Calm Vis: Hazy.  Note: Tailwind was not as strong as expected and took an extra 30 min"
"JX11","KSFO","RCTP","Generic Airbus A321","Starwalker 350JX","Starlux Virtual",803,"Approved","94440","Passenger","224","None","Fri, 19 Dec 2025 00:00:00 GMT","Fri, 19 Dec 2025 13:26:30 GMT",
"EY22","OMAA","CYYZ","Etihad Airways Airbus A380","Starwalker 458JX","N/A",897,"Approved","118878","Passenger","458","ROTW(2x)","Sat, 20 Dec 2025 00:00:00 GMT","Sat, 20 Dec 2025 01:46:59 GMT",
"EY111","OMAA ","LEBL ","Generic Boeing 787-9","Starwalker 520JX","Starlux Virtual",370,"Approved","31117","Passenger","344","ROTW(2x)","Fri, 19 Dec 2025 00:00:00 GMT","Sat, 20 Dec 2025 03:58:53 GMT","Weather: Slight crosswind. Vis: Clear. Note: Arrived 30 min early. "
"JX800","RCTP","RJAA","Generic Airbus A321","Starwalker 350JX","Starlux Virtual",141,"Approved","21692","Passenger","270","None","Sat, 20 Dec 2025 00:00:00 GMT","Sat, 20 Dec 2025 04:31:22 GMT",
"JX 9999","LTFM","OTHH","Starlux Airbus A350","Starwalker 001JX","Qatar Virtual",217,"Approved","123","Passenger","123","Event(5x)","Sat, 20 Dec 2025 00:00:00 GMT","Sat, 20 Dec 2025 09:52:35 GMT",
"JX9999","LTFM","OTHH","Starlux Airbus A350","Starwalker 458JX","Qatar Virtual",219,"Approved","25838","Passenger","286","Event(5x)","Sat, 20 Dec 2025 00:00:00 GMT","Sat, 20 Dec 2025 11:25:58 GMT",
"JX9999","LTFM","OTHH","Starlux Airbus A350","Starwalker 179JX","Qatar Virtual",210,"Approved","29000","Passenger","285","Event(5x)","Sat, 20 Dec 2025 00:00:00 GMT","Sat, 20 Dec 2025 12:44:58 GMT",
"JX801","RJAA","RCTP","Generic Airbus A321","Starwalker 350JX","Starlux Virtual",220,"Approved","29142","Passenger","287","None","Sat, 20 Dec 2025 00:00:00 GMT","Sat, 20 Dec 2025 13:01:41 GMT",
"JX10","RCTP","KONT","Generic Airbus A321","Starwalker 350JX","Starlux Virtual",623,"Approved","77348","Passenger","193","None","Sat, 20 Dec 2025 00:00:00 GMT","Sun, 21 Dec 2025 01:00:21 GMT",
"EY112","LEBL","OMAA ","Generic Boeing 787-9","Starwalker 520JX","Starlux Virtual",367,"Approved","2916","Passenger","317","ROTW(2x)","Sat, 20 Dec 2025 00:00:00 GMT","Sun, 21 Dec 2025 06:47:23 GMT","Weather: slight crosswind takeoff. Vis: clear. Note: Arrived 20 min late and burned 3,000 kg additional fuel."
"EY57","OMAA ","EBBR ","Etihad Airways Boeing 777-300ER","Starwalker 520JX","Starlux Virtual",419,"Approved","42609","Passenger","325","ROTW(2x)","Sat, 20 Dec 2025 00:00:00 GMT","Sun, 21 Dec 2025 11:38:19 GMT","Weather: Calm. Vis: Clear. Note: Arrived almost exactly on time with almost the exact expected fuel burn. "
"EY58","EBBR ","OMAA ","Etihad Airways Boeing 777-300ER","Starwalker 520JX","Starlux Virtual",392,"Approved","40748","Passenger","351","ROTW(2x)","Sun, 21 Dec 2025 00:00:00 GMT","Sun, 21 Dec 2025 13:51:53 GMT","Weather: Calm. Vis: Clear. Note: took 30 min longer for unknown reason. Fuel burn was accurate."
"JX9","KONT","RCTP","Starlux Airbus A350","Starwalker 350JX","Starlux Virtual",797,"Approved","99698","Passenger","209","None","Sun, 21 Dec 2025 00:00:00 GMT","Sun, 21 Dec 2025 14:43:17 GMT",
"JX32","RCTP","KSEA","Starlux Airbus A350","Starwalker 350JX","Starlux Virtual",583,"Approved","68706","Passenger","259","None","Mon, 22 Dec 2025 00:00:00 GMT","Mon, 22 Dec 2025 12:21:27 GMT",
"JX804","RCTP","RJAA","Generic Airbus A330-300","Starwalker 126JX","N/A",175,"Approved","13366","Passenger","283","None","Tue, 23 Dec 2025 00:00:00 GMT","Tue, 23 Dec 2025 10:40:11 GMT","A339 - Starlux (Can't pick for some reason?), Training Server, chairman approved"
"JX31","KSEA","RCTP","Starlux Airbus A350","Starwalker 350JX","Starlux Virtual",731,"Approved","87398","Passenger","228","None","Tue, 23 Dec 2025 00:00:00 GMT","Tue, 23 Dec 2025 11:23:10 GMT",
"SQ306","WSSS","EGLL","Singapore Airlines Boeing 777-300ER","Starwalker 350JX","N/A",820,"Approved","117166","Passenger","223","None","Wed, 24 Dec 2025 00:00:00 GMT","Wed, 24 Dec 2025 13:40:03 GMT",
"JX12","RCTP","KSFO","Starlux Airbus A350","Starwalker 350JX","Starlux Virtual",669,"Approved","77568","Passenger","238","None","Thu, 25 Dec 2025 00:00:00 GMT","Thu, 25 Dec 2025 13:15:12 GMT",
"JX11","KSFO","RCTP","Starlux Airbus A350","Starwalker 350JX","Starlux Virtual",816,"Approved","91440","Passenger","237","None","Fri, 26 Dec 2025 00:00:00 GMT","Fri, 26 Dec 2025 13:10:51 GMT",
"JX741","RCTP ","VTBS ","Starlux Airbus A350","Starwalker 520JX","Starlux Virtual",228,"Approved","18244","Passenger","304","ROTW(2x)","Sat, 27 Dec 2025 00:00:00 GMT","Sun, 28 Dec 2025 10:58:48 GMT","Weather: Cloudy and wet. Vis: 10nm. Note: Flying on Beta"
"JX742","VTBS ","RCTP ","Starlux Airbus A350","Starwalker 520JX","Starlux Virtual",170,"Approved","15198","Passenger","328","ROTW(2x)","Sun, 28 Dec 2025 00:00:00 GMT","Sun, 28 Dec 2025 15:27:40 GMT","Weather: Overcast to broken Vis: 20nm note: fuel used seems to be calculating correctly in beta."
"3U3837","ZUTF","KLAX","Sichuan Airlines Airbus A350-900","Starwalker 350JX","N/A",756,"Approved","87398","Passenger","213","None","Mon, 29 Dec 2025 00:00:00 GMT","Mon, 29 Dec 2025 11:49:49 GMT",
"JX800","RCTP ","RJAA ","Starlux Airbus A350","Starwalker 520JX","Starlux Virtual",143,"Approved","12203","Passenger","285","NEW YEAR 2026(3x)","Mon, 29 Dec 2025 00:00:00 GMT","Mon, 29 Dec 2025 12:17:21 GMT","Weather: Calm and sunny Vis: Clear. Note: Fly direct to waypoint is working correctly in Beta."
"JX801","RJAA ","RCTP ","Starlux Airbus A350","Starwalker 520JX","Starlux Virtual",209,"Approved","18652","Passenger","300","NEW YEAR 2026(3x)","Mon, 29 Dec 2025 00:00:00 GMT","Tue, 30 Dec 2025 04:49:57 GMT","Weather: Calm with overcast. Vis: 20nm. Note took an extra hour on the return trip because of the high winds."
"JX32","RCTP ","KSEA ","Starlux Airbus A350","Starwalker 520JX","Starlux Virtual",560,"Approved","53290","Passenger","282","NEW YEAR 2026(3x)","Tue, 30 Dec 2025 00:00:00 GMT","Tue, 30 Dec 2025 04:54:21 GMT","Weather: Wet with overcast. Vis: 10nm. Note: Arrived an hour earlier than expected due to strong tail winds. Took Southern route."
"JX31","KSEA ","RCTP ","Starlux Airbus A350","Starwalker 520JX","Starlux Virtual",724,"Approved","68897","Passenger","301","NEW YEAR 2026(3x)","Tue, 30 Dec 2025 00:00:00 GMT","Wed, 31 Dec 2025 07:02:07 GMT","Weather: Calm Vis: Clear out of Seattle. Note: flight was expected to be 13 hours but arrived 1 hour early. Was able to climb to step altitudes earlier than planned."
"JX235","RCTP ","VHHH ","Starlux Airbus A350","Starwalker 520JX","Starlux Virtual",131,"Approved","9736","Passenger","346","NEW YEAR 2026(3x)","Wed, 31 Dec 2025 00:00:00 GMT","Wed, 31 Dec 2025 10:38:35 GMT","Weather: Overcast and rain. Vis: 600m. Note: 30 min longer due to winds and go around for missed approach."
"JX236","VHHH ","RCTP ","Starlux Airbus A350","Starwalker 520JX","Starlux Virtual",66,"Approved","5471","Passenger","328","NEW YEAR 2026(3x)","Wed, 31 Dec 2025 00:00:00 GMT","Wed, 31 Dec 2025 11:17:54 GMT","Weather: Wet and rough into Taipei. Vis: 600m Note: 400th landing."
"EY 58","EBBR","OMAA","Etihad Airways Boeing 777-300ER","Starwalker 069JX","Starlux Virtual",343,"Approved","38192","Passenger","293","GTR 1st Place(2x)","Wed, 31 Dec 2025 00:00:00 GMT","Wed, 31 Dec 2025 15:57:22 GMT","simbrief data used due to ap+ error"
"QR773","OTHH","SBGR","Qatar Airways Airbus A350-900","Starwalker 006JX","Qatar Virtual",876,"Approved","217772","Passenger","325","NEW YEAR 2026(3x)","Wed, 31 Dec 2025 00:00:00 GMT","Wed, 31 Dec 2025 21:26:08 GMT",
"JX2","RCTP","KLAX","Starlux Airbus A350","Starwalker 350JX","Starlux Virtual",660,"Approved","82388","Passenger","237","None","Thu, 01 Jan 2026 00:00:00 GMT","Thu, 01 Jan 2026 03:30:30 GMT",
"JX772","WSSS","RCTP","Starlux Airlines Airbus A330-900","Starwalker 458JX","N/A",253,"Approved","20454","Passenger","266","NEW YEAR 2026(3x)","Fri, 02 Jan 2026 00:00:00 GMT","Fri, 02 Jan 2026 07:06:06 GMT",
"JX1","KLAX","RCTP","Starlux Airbus A350","Starwalker 350JX","Starlux Virtual",822,"Approved","96324","Passenger","192","None","Fri, 02 Jan 2026 00:00:00 GMT","Fri, 02 Jan 2026 12:56:36 GMT",
"JX771","RCTP ","WSSS ","Starlux Airlines Airbus A330-900","Starwalker 520JX","Starlux Virtual",265,"Approved","21509","Passenger","285","NEW YEAR 2026(3x)","Fri, 02 Jan 2026 00:00:00 GMT","Sat, 03 Jan 2026 09:13:47 GMT","Weather: Overcast and wet out of Taipei. Vis: 10nm Note: Arrived exactly on time but burned 2,000 kg more fuel than expected."
"JX772","WSSS ","RCTP ","Starlux Airlines Airbus A330-900","Starwalker 520JX","Starlux Virtual",247,"Approved","20295","Passenger","257","NEW YEAR 2026(3x)","Sat, 03 Jan 2026 00:00:00 GMT","Sun, 04 Jan 2026 05:23:31 GMT","Weather: Calm out of Singapore with gusting winds in Taipei. Vis: Clear."
"JX012","RCTP ","KSFO ","Starlux Airbus A350","Starwalker 520JX","Starlux Virtual",648,"Approved","63434","Passenger","315","NEW YEAR 2026(3x)","Sun, 04 Jan 2026 00:00:00 GMT","Sun, 04 Jan 2026 05:28:53 GMT","Weather: Calm with turbulent winds into SFO. Vis: Clear. Note: Sending New Years Taipei celebrators home to US."
"JX011","KSFO ","RCTP ","Starlux Airbus A350","Starwalker 520JX","Starlux Virtual",823,"Approved","75699","Passenger","346","None","Sun, 04 Jan 2026 00:00:00 GMT","Mon, 05 Jan 2026 10:03:15 GMT","Weather: Beautiful and calm the entire route. Vis: clear. Had to take a southern route to avoid the north winds."
"JX520","RCTP ","CYYZ ","Starlux Airbus A350","Starwalker 520JX","Starlux Virtual",703,"Approved","65240","Passenger","299","None","Mon, 05 Jan 2026 00:00:00 GMT","Tue, 06 Jan 2026 14:03:48 GMT","Weather: Slight chop out of Taipei. Vis: 10nm. Note: Special Haedus Rank route. Arrived 1 hour early than expected. Achieved 665 kt GS."
"JX520","CYYZ ","RCTP ","Starlux Airbus A350","Starwalker 520JX","Starlux Virtual",899,"Approved","85086","Passenger","346","None","Tue, 06 Jan 2026 00:00:00 GMT","Wed, 07 Jan 2026 10:08:23 GMT","Weather: Calm with overcast. Vis: > 10nm Note: Haedus return trip. Flew up near arctic circle in a continuous sunrise. Arrived 30 min early than expected "
"JX711","RCTP ","VVTS ","Starlux Airbus A350","Starwalker 520JX","Starlux Virtual",172,"Approved","15468","Passenger","241","None","Wed, 07 Jan 2026 00:00:00 GMT","Wed, 07 Jan 2026 13:00:32 GMT","Weather: Calm with overcast Vis: >10 sm. Note: Arrived on time but burned 2,000 kg more fuel than expected."
"JX712","VVTS ","RCTP ","Starlux Airlines Airbus A330-900","Starwalker 520JX","Starlux Virtual",171,"Approved","13926","Passenger","228","None","Wed, 07 Jan 2026 00:00:00 GMT","Thu, 08 Jan 2026 05:52:56 GMT","Weather: Calm out of VVTS with gusting winds into Taipei. Vis: 10nm. "
"JX862","RCTP ","RJSS ","Starlux Airlines Airbus A330-900","Starwalker 520JX","Starlux Virtual",148,"Approved","10975","Passenger","245","None","Thu, 08 Jan 2026 00:00:00 GMT","Fri, 09 Jan 2026 08:37:13 GMT","Weather: Slight chop with overcast. Vis: >10nm "
"JX863","RJSS ","RCTP ","Starlux Airlines Airbus A330-900","Starwalker 520JX","Starlux Virtual",216,"Approved","18930","Passenger","297","None","Thu, 08 Jan 2026 00:00:00 GMT","Fri, 09 Jan 2026 08:39:38 GMT","Weather: Calm with broken overcast. Vis: > 10sm. Note return flight took an hour longer due to headwind."
"JX846","RCTP ","RJFT ","Starlux Airlines Airbus A330-900","Starwalker 520JX","Starlux Virtual",87,"Approved","6869","Passenger","244","None","Fri, 09 Jan 2026 00:00:00 GMT","Fri, 09 Jan 2026 16:03:12 GMT","Weather: light chop at FL100 Vis: Clear. "
"JX847","RJFT ","RCTP ","Starlux Airlines Airbus A330-900","Starwalker 520JX","Starlux Virtual",139,"Approved","11808","Passenger","227","None","Fri, 09 Jan 2026 00:00:00 GMT","Fri, 09 Jan 2026 16:06:09 GMT","Weather: Calm Vis: Clear."
"JX711","VVTS","RCTP","Starlux Airbus A350","Starwalker 004JX","Starlux Virtual",169,"Approved","14176","Passenger","239","None","Fri, 09 Jan 2026 00:00:00 GMT","Sat, 10 Jan 2026 02:32:12 GMT",
"JX822","RCTP ","RJBB ","Starlux Airbus A350","Starwalker 520JX","Starlux Virtual",108,"Approved","8899","Passenger","267","None","Fri, 09 Jan 2026 00:00:00 GMT","Sun, 11 Jan 2026 06:54:22 GMT","Weather: Slight chop out of Taipei area. Vis: Clear. Note: Virtual jump seating to get to ZSPD."
"HO1506","RJBB ","ZSPD ","Juneyao Air Boeing 787-9","Starwalker 520JX","Starlux Virtual",159,"Approved","12627","Passenger","227","None","Sat, 10 Jan 2026 00:00:00 GMT","Sun, 11 Jan 2026 06:59:14 GMT","Weather: Moderate turbulence. Vis: Clear. Note: virtual jump seating to get to ZSPD"
"HO1657","ZSPD ","LGAV ","Juneyao Air Boeing 787-9","Starwalker 520JX","Starlux Virtual",726,"Approved","60959","Passenger","314","None","Sat, 10 Jan 2026 00:00:00 GMT","Sun, 11 Jan 2026 07:54:09 GMT","Weather: Moderate turbulence half the flight. Vis: Clear. Breas Breeze event."
"JX233","RCTP","VHHH","Generic Airbus A330-300","Starwalker 408JX","Starlux Virtual",82,"Approved","6445","Passenger","210","None","Mon, 12 Jan 2026 00:00:00 GMT","Mon, 12 Jan 2026 02:54:21 GMT",
"HO7604","ZSAM","ZHCC","Generic Boeing 737-800","Starwalker 004JX","Juneyao Virtual",117,"Approved","4943","Passenger","141","None","Mon, 12 Jan 2026 00:00:00 GMT","Mon, 12 Jan 2026 07:35:01 GMT",
"QR208","LGAV ","OTHH ","Qatar Airways Airbus A350-900","Starwalker 520JX","Starlux Virtual",204,"Approved","18073","Passenger","346","None","Sun, 11 Jan 2026 00:00:00 GMT","Mon, 12 Jan 2026 07:46:00 GMT","Weather: Heavy fog into Qatar. Vis: 1,000m "
"QR1044","OTHH","OMAA ","Generic Airbus A320","Starwalker 520JX","Starlux Virtual",37,"Approved","1726","Passenger","161","None","Mon, 12 Jan 2026 00:00:00 GMT","Mon, 12 Jan 2026 07:48:59 GMT","Weather: Heavy fog out of Qatar and into Abu Dhabi. Vis: 600m"
"3U8762","ZHCC","ZUUU","Generic Airbus A321","Starwalker 004JX","Sichuan Virtual",123,"Approved","5890","Passenger","175","None","Tue, 13 Jan 2026 00:00:00 GMT","Tue, 13 Jan 2026 03:26:05 GMT",
"CEB015","OMDB","RPLL ","Cebu Pacific Airbus A330-900","Starwalker 520JX","Starlux Virtual",495,"Approved","39526","Passenger","297","ROTW(2x)","Mon, 12 Jan 2026 00:00:00 GMT","Tue, 13 Jan 2026 09:58:58 GMT","Weather: Heavy fog out of Dubai. Vis: 600m. Note: this flight was cursed. Worst takeoff and landing I ever had."
"CEB049","RPLL","YMML","Cebu Pacific Airbus A330-900","Starwalker 520JX","Starlux Virtual",432,"Approved","39199","Passenger","290","ROTW(2x)","Mon, 12 Jan 2026 00:00:00 GMT","Tue, 13 Jan 2026 10:01:34 GMT","Weather: Calm and beautiful Vis: Clear. Note: great route to see all of Philippines."
"CEBU 018","RPLL","OMDB","Cebu Pacific Airbus A330-900","Starwalker 179JX","Starlux Virtual",563,"Approved","47188","Passenger","306","ROTW(2x)","Tue, 13 Jan 2026 00:00:00 GMT","Tue, 13 Jan 2026 13:01:36 GMT",
"MU5402","ZUUU","ZSSS","Generic Airbus A330-300","Starwalker 004JX","China Eastern Virtual",122,"Approved","9878","Passenger","314","None","Tue, 13 Jan 2026 00:00:00 GMT","Tue, 13 Jan 2026 15:34:28 GMT",
"CZ3524","ZSSS","ZGGG","Generic Boeing 777-300ER","Starwalker 004JX","China Southern Virtual",119,"Approved","13703","Passenger","321","None","Wed, 14 Jan 2026 00:00:00 GMT","Wed, 14 Jan 2026 06:11:06 GMT",
"FJ890","NFFN","KDFW","Fiji Airways Airbus A350-900","Starwalker 069JX","Fiji Virtual",750,"Approved","64098","Passenger","247","GTR 1st Place(2x)","Wed, 14 Jan 2026 00:00:00 GMT","Wed, 14 Jan 2026 08:08:43 GMT",
"CEB050","YMML ","RPLL ","Cebu Pacific Airbus A330-900","Starwalker 520JX","Starlux Virtual",458,"Approved","37681","Passenger","217","ROTW(2x)","Tue, 13 Jan 2026 00:00:00 GMT","Wed, 14 Jan 2026 13:10:27 GMT","Weather: Beautiful Vis: Clear. Note: Great flight to see all of the Australian outback."
"CEB581","RPLL ","RPVM ","Cebu Pacific Airbus A330-900","Starwalker 520JX","Starlux Virtual",58,"Approved","4660","Passenger","233","ROTW(2x)","Wed, 14 Jan 2026 00:00:00 GMT","Wed, 14 Jan 2026 13:15:08 GMT","Weather: Heavy Rain. Vis: 1,000m Note: Great RNAV to visual approach practice to 04R."
"CEB229","RPVM ","RPVP","Generic Airbus A320","Starwalker 520JX","Starlux Virtual",54,"Approved","2155","Passenger","176","ROTW(2x)","Wed, 14 Jan 2026 00:00:00 GMT","Wed, 14 Jan 2026 13:20:07 GMT","Weather: Light rain. Vis: 6sm Note: Sometimes must land into RPVP with tailwind. Need faster landing speed."
"CEB1018","RPVP","RPLC","Generic Airbus A320","Starwalker 520JX","Starlux Virtual",58,"Approved","2503","Passenger","153","ROTW(2x)","Thu, 15 Jan 2026 00:00:00 GMT","Thu, 15 Jan 2026 06:28:26 GMT","Weather: Clear out of Palawan and heavy rain into Clark. Vis: 600m"
"KE896","ZSPD","RKSI","Korean Air Boeing 787-9","Starwalker 004JX","Korean Virtual",77,"Approved","6408","Passenger","276","None","Thu, 15 Jan 2026 00:00:00 GMT","Thu, 15 Jan 2026 09:49:17 GMT",
"JX761","RCTP","WIII ","Generic Airbus A321","Starwalker 004JX","Starlux Virtual",318,"Approved","12926","Passenger","189","None","Fri, 16 Jan 2026 00:00:00 GMT","Fri, 16 Jan 2026 04:04:35 GMT",
"JX790","RPLC ","RCTP ","Generic Airbus A321","Starwalker 520JX","Starlux Virtual",92,"Approved","4024","Passenger","194","None","Thu, 15 Jan 2026 00:00:00 GMT","Fri, 16 Jan 2026 04:41:10 GMT","Weather: Heavy rain out Clark. Vis: 1,000m "
"JX26","RCTP ","KPHX ","Starlux Airbus A350","Starwalker 520JX","Starlux Virtual",707,"Approved","65739","Passenger","294","None","Thu, 15 Jan 2026 00:00:00 GMT","Fri, 16 Jan 2026 20:33:58 GMT","Weather: Calm Vis: Clear with overcasts. Note Inaugural flight to KPHX. Shadowed real flight"
"SQ878","WSSS","RCTP","Singapore Airlines Boeing 787-10","Starwalker 350JX","Starlux Virtual",244,"Approved","28972","Passenger","302","None","Sat, 17 Jan 2026 00:00:00 GMT","Sat, 17 Jan 2026 12:08:01 GMT",
"JX25","RCTP","KPHX","Starlux Airbus A350","Starwalker 004JX","Starlux Virtual",718,"Approved","53881","Passenger","248","None","Sat, 17 Jan 2026 00:00:00 GMT","Sat, 17 Jan 2026 15:58:15 GMT",
"JX26","RCTP","KPHX","Starlux Airbus A350","Starwalker 006JX","Starlux Virtual",683,"Approved","174000","Passenger","315","Event(5x)","Sat, 17 Jan 2026 00:00:00 GMT","Sat, 17 Jan 2026 16:19:33 GMT","windy approach"
"JX25","KPHX ","RCTP ","Starlux Airbus A350","Starwalker 520JX","Starlux Virtual",803,"Approved","79957","Passenger","346","None","Fri, 16 Jan 2026 00:00:00 GMT","Sat, 17 Jan 2026 17:34:18 GMT","Weather: Calm Vis: Clear. Note Return inaugural flight. Arrived 45 min earlier than expected."
"JX25","KPHX","RCTP","Starlux Airbus A350","Starwalker 115JX","Starlux Virtual",861,"Approved","53432","Passenger","93","None","Fri, 16 Jan 2026 00:00:00 GMT","Sun, 18 Jan 2026 00:32:10 GMT",
"JX520","RCTP ","KPHX ","Starlux Airbus A350","Starwalker 520JX","Starlux Virtual",696,"Approved","61187","Passenger","301","Event(5x)","Sat, 17 Jan 2026 00:00:00 GMT","Sun, 18 Jan 2026 05:14:37 GMT","Weather: Slight chop out of Taipei. Vis: Clear. Note: I did not choose the primary route most took. Still arrived a little early even with ATC vectoring."
"JX25","KPHX","RCTP","Starlux Airbus A350","Starwalker 115JX","Starlux Virtual",829,"Approved","69420","Passenger","69","None","Sun, 18 Jan 2026 00:00:00 GMT","Sun, 18 Jan 2026 14:06:51 GMT",
"JX520","KPHX ","RCTP ","Starlux Airbus A350","Starwalker 520JX","Starlux Virtual",837,"Approved","76539","Passenger","346","None","Sun, 18 Jan 2026 00:00:00 GMT","Mon, 19 Jan 2026 06:15:22 GMT","Weather: Calm  Vis: clear. Note: Runway 26 departure is good practice for steep climb and then level off at 3K for noise abatement."
"JX742","VTBS","RCTP","Starlux Airbus A350","Starwalker 004JX","Starlux Virtual",222,"Approved","17320","Passenger","307","None","Mon, 19 Jan 2026 00:00:00 GMT","Mon, 19 Jan 2026 08:00:56 GMT",
"JX26","RCTP","KPHX","Starlux Airbus A350","Starwalker 458JX","Starlux Virtual",692,"Approved","55258","Passenger","207","ROTW(2x)","Mon, 19 Jan 2026 00:00:00 GMT","Mon, 19 Jan 2026 14:52:35 GMT",
"JX234/JX236","VHHH","RCTP","Garuda Indonesia Airbus A330-900","Callsign Missing","Starlux Virtual",76,"Approved","5980","Passenger","269","None","Thu, 22 Jan 2026 00:00:00 GMT","Thu, 22 Jan 2026 08:09:28 GMT",
"JX26","RCTP","KPHX","Starlux Airbus A350","011JX","Starlux",732,"Approved","18000","Passenger","315","Event(5x)","Sat, 17 Jan 2026 00:00:00 GMT","Mon, 26 Jan 2026 03:35:49 GMT",
"LA3516","SBGR","SBFZ","Generic Airbus A320","Starwalker 004JX","Latour Virtual",212,"Approved","7513","Passenger","136","None","Sun, 25 Jan 2026 00:00:00 GMT","Mon, 26 Jan 2026 08:07:50 GMT",
"LA8112","SBGR","MMMX","Generic Boeing 787-9","Starwalker 004JX","Latour Virtual",535,"Approved","34803","Passenger","278","None","Tue, 27 Jan 2026 00:00:00 GMT","Tue, 27 Jan 2026 02:13:58 GMT",
"LA98","SCTE","SCEL","Generic Airbus A320","Starwalker 004JX","Latour Virtual",218,"Approved","3748","Passenger","134","None","Wed, 28 Jan 2026 00:00:00 GMT","Wed, 28 Jan 2026 09:24:11 GMT",
"JX800","RCTP","RJAA","Starlux Airbus A350","Starwalker 350JX","Starlux Virtual",135,"Approved","21254","Passenger","293","IF48(1.5x)","Sat, 31 Jan 2026 00:00:00 GMT","Sat, 31 Jan 2026 09:43:49 GMT",
"JX801","RJAA","RCTP","Starlux Airbus A350","Starwalker 350JX","Starlux Virtual",217,"Approved","34620","Passenger","264","IF48(1.5x)","Sat, 31 Jan 2026 00:00:00 GMT","Sat, 31 Jan 2026 13:57:45 GMT",
"SQ388","WSSS","LEBL","Singapore Airlines Airbus A350-900","Starwalker 006JX","N/A",750,"Approved","181412","Passenger","315","ROTW(2x)","Sat, 31 Jan 2026 00:00:00 GMT","Sat, 31 Jan 2026 23:20:02 GMT",
"LA4908","SKBO","SBGR","Generic Airbus A320","Starwalker 004JX","Latour Virtual",318,"Approved","12959","Passenger","120","None","Sun, 01 Feb 2026 00:00:00 GMT","Sun, 01 Feb 2026 04:05:23 GMT",
"JX802","RCTP ","RJAA ","Starlux Airbus A350","Starwalker 520JX","Starlux Virtual",138,"Approved","11526","Passenger","246","IF48(1.5x)","Sat, 31 Jan 2026 00:00:00 GMT","Sun, 01 Feb 2026 05:56:34 GMT","Weather: Slight chop out of RCTP. Overcast rain. Vis: <6sm"
"JX803","RJAA ","RCTP ","Starlux Airbus A350","Starwalker 520JX","Starlux Virtual",238,"Approved","21805","Passenger","303","IF48(1.5x)","Sat, 31 Jan 2026 00:00:00 GMT","Sun, 01 Feb 2026 06:01:51 GMT","Weather: Calm with moderate turbulence aloft. Vis: Clear. Executed low speed steep climb SID. Overall burned 2,000 kg more fuel than expected."
"LA4908","SBGR","SPJC","Generic Airbus A321","Starwalker 004JX","Latour Virtual",304,"Approved","12422","Passenger","184","None","Sun, 01 Feb 2026 00:00:00 GMT","Sun, 01 Feb 2026 09:03:05 GMT",
"AA934","SAEZ","KMIA","Generic Boeing 787-8","Starwalker 004JX","American Virtual",492,"Approved","34996","Passenger","293","None","Mon, 02 Feb 2026 00:00:00 GMT","Mon, 02 Feb 2026 14:55:02 GMT",
"JX32","RCTP ","KSEA ","Starlux Airbus A350","Starwalker 520JX","Starlux Virtual",550,"Approved","53117","Passenger","346","ROTW(2x)","Mon, 02 Feb 2026 00:00:00 GMT","Wed, 04 Feb 2026 07:32:01 GMT","Weather: Slight chop out of Taipei. Incredible tailwind in the Pacific out from Japan exceeding 200 kts. GS reached in excess of 680. Vis: Clear. Note: Arrived 44 min early than expected and burned 2,000 kg extra fuel."
"JX31","KSEA ","RCTP ","Starlux Airbus A350","Starwalker 520JX","Starlux Virtual",714,"Approved","60769","Passenger","285","ROTW(2x)","Tue, 03 Feb 2026 00:00:00 GMT","Wed, 04 Feb 2026 07:35:18 GMT","Weather: Calm with moderate turbulence at cruise off the Canadian coast. Vis: Clear."
"JX205","RCTP","VMMC","Starlux Airlines Airbus A330-900","Starwalker 115JX","Starlux Virtual",150,"Approved","67676","Passenger","67","ROTW(2x)","Mon, 02 Feb 2026 00:00:00 GMT","Wed, 04 Feb 2026 18:44:21 GMT",
"JX206","VMMC","RCTP","Starlux Airbus A350","Starwalker 115JX","Starlux Virtual",72,"Approved","67676","Passenger","67","ROTW(2x)","Mon, 02 Mar 2026 00:00:00 GMT","Wed, 04 Feb 2026 18:45:37 GMT",
"JX741","RCTP","VTBS","Starlux Airbus A350","Starwalker 520JX","Starlux Virtual",206,"Approved","18161","Passenger","346","None","Wed, 04 Feb 2026 00:00:00 GMT","Thu, 05 Feb 2026 14:41:59 GMT","Weather: Calm and clear. "
"KQ901","VTBS ","HKJK","Generic Boeing 747-8","Starwalker 520JX","Starlux Virtual",0,"Approved","0","Passenger","0","None","Thu, 05 Feb 2026 00:00:00 GMT","Thu, 05 Feb 2026 14:46:27 GMT","Duplicate created in error"
"KQ901","VTBS ","HKJK","Generic Boeing 787-8","Starwalker 520JX","Starlux Virtual",518,"Approved","41546","Passenger","269","None","Thu, 05 Feb 2026 00:00:00 GMT","Thu, 05 Feb 2026 14:55:56 GMT","Weather: HKJK 03012G26kts Vis: clear Note: this aiport is very challenging to land on due to the high altitude. Had to go around once."
"AA1811","SBGR","KJFK","American Airlines Boeing 787-9","Starwalker 006JX","American Virtual",550,"Approved","107080","Passenger","350","ROTW(2x)","Thu, 05 Feb 2026 00:00:00 GMT","Fri, 06 Feb 2026 01:26:02 GMT",
"KQ762","HKJK","FAOR","Generic Boeing 787-8","Starwalker 520JX","Starlux Virtual",204,"Approved","16644","Passenger","245","None","Fri, 06 Feb 2026 00:00:00 GMT","Sat, 07 Feb 2026 14:13:30 GMT","Weather: gusty winds and dark skies. Calm in FAOR Vis: clear. Note: Airport elevation makes it a challenge to get off the ground."
"SQ 286","NZAA","WSSS","Singapore Airlines Airbus A350-900","Starwalker 069JX","Singapore Virtual",625,"Approved","58612","Passenger","315","ROTW(2x)","Sun, 08 Feb 2026 00:00:00 GMT","Sun, 08 Feb 2026 07:04:06 GMT",
"LA8059","FAOR","SBGR","Generic Airbus A350-900","Starwalker 520JX","Starlux Virtual",536,"Approved","46400","Passenger","318","None","Fri, 06 Feb 2026 00:00:00 GMT","Sun, 08 Feb 2026 16:06:37 GMT","Weather: Dark skies. Slight winds  Vis: 20sm"
"LA8202","SBGR","SPJC","Generic Boeing 787-9","Starwalker 520JX","Starlux Virtual",220,"Approved","20771","Passenger","342","None","Sat, 07 Feb 2026 00:00:00 GMT","Sun, 08 Feb 2026 16:12:11 GMT","Weather: calm Vis: clear"
"LA645","SPJC","SCEL","Generic Airbus A321","Starwalker 520JX","Starlux Virtual",161,"Approved","9307","Passenger","182","None","Sun, 08 Feb 2026 00:00:00 GMT","Sun, 08 Feb 2026 16:14:40 GMT","Weather: Calm Vis 10sm"
"LA843","SCEL","SCIP","Generic Boeing 787-9","Starwalker 520JX","Starlux Virtual",250,"Approved","24114","Passenger","350","ROTW(2x)","Sun, 08 Feb 2026 00:00:00 GMT","Sun, 08 Feb 2026 16:18:57 GMT","Weather: light fog out of Santiago. Vis: 6sm. Note: Steep SID. Make sure to check weather at SCIP before departing."
"LA843","SCEL","SCIP","Generic Boeing 787-9","Starwalker 069JX","Latour Virtual",290,"Approved","33573","Passenger","333","ROTW(2x)","Sun, 08 Feb 2026 00:00:00 GMT","Sun, 08 Feb 2026 17:21:28 GMT",
"LA844","SCIP","SCEL","Generic Boeing 787-9","Starwalker 520JX","Starlux Virtual",267,"Approved","19722","Passenger","265","ROTW(2x)","Sun, 08 Feb 2026 00:00:00 GMT","Mon, 09 Feb 2026 04:39:11 GMT","Weather: Windy in SCIP. Hazy in Santiago. Vis: 6sm"
"AA169","KLAX","VHHH","American Airlines Boeing 777-200ER","Starwalker 069JX","American Virtual",850,"Approved","103790","Passenger","310","ROTW(2x)","Mon, 09 Feb 2026 00:00:00 GMT","Mon, 09 Feb 2026 10:49:12 GMT",
"LA8180","SBGR","KJFK","Generic Airbus A350-900","011JX","N/A",501,"Approved","60166","Passenger","300","ROTW(2x)","Sat, 07 Feb 2026 00:00:00 GMT","Tue, 10 Feb 2026 00:24:30 GMT",
"LA801","SCEL","NZAA ","Generic Boeing 787-9","Starwalker 520JX","Starlux Virtual",683,"Approved","62556","Passenger","294","None","Mon, 09 Feb 2026 00:00:00 GMT","Tue, 10 Feb 2026 13:16:44 GMT","Weather: Calm Vis: 6sm rising to 10sm. Note Almost a never ending sunrise when leaving in the early morning local time."
"LA8070","SBGR","EDDF","Generic Airbus A350-900","Starwalker 458JX","Starlux Virtual",662,"Approved","41775","Passenger","287","None","Tue, 10 Feb 2026 00:00:00 GMT","Tue, 10 Feb 2026 15:22:26 GMT",
"SQ286","NZAA","WSSS","Singapore Airlines Airbus A350-900","Starwalker 520JX","Starlux Virtual",580,"Approved","51712","Passenger","346","None","Tue, 10 Feb 2026 00:00:00 GMT","Wed, 11 Feb 2026 11:13:45 GMT","Weather: slight crosswind out of Auckland. Vis: clear. Note: 02C ILS malfunctioned. Had to fly visual into WSSS"
"JX772","WSSS ","RCTP","Starlux Airlines Airbus A330-900","Starwalker 520JX","Starlux Virtual",249,"Approved","20449","Passenger","297","ROTW(2x)","Wed, 11 Feb 2026 00:00:00 GMT","Wed, 11 Feb 2026 11:16:15 GMT","Weather: slight crosswind takeoff and landing. Overcast in Taiwan. Vis 10sm"
"JX2","RCTP","KLAX","Starlux Airbus A350","Starwalker 115JX","Starlux Virtual",600,"Denied","69420","Passenger","89","ROTW(2x)","Mon, 09 Feb 2026 00:00:00 GMT","Wed, 11 Feb 2026 14:55:51 GMT",
"JX1","KLAX","RCTP","Starlux Airbus A350","Starwalker 115JX","Starlux Virtual",809,"Approved","69420","Passenger","91","ROTW(2x)","Tue, 10 Feb 2026 00:00:00 GMT","Wed, 11 Feb 2026 14:57:22 GMT",
"JX2","RCTP ","KLAX","Starlux Airbus A350","Starwalker 520JX","Starlux Virtual",649,"Approved","58541","Passenger","285","ROTW(2x)","Wed, 11 Feb 2026 00:00:00 GMT","Thu, 12 Feb 2026 05:52:30 GMT","Weather: Calm with broken FL200 Vis: 10sm  Note: light PAX than normal."
"JX1","KLAX","RCTP","Starlux Airbus A350","Starwalker 520JX","Starlux Virtual",789,"Approved","75848","Passenger","346","ROTW(2x)","Thu, 12 Feb 2026 00:00:00 GMT","Fri, 13 Feb 2026 00:38:31 GMT","Weather: Calm Vis: Clear. Note: pushed 0.86 the whole flight and arrived an hour early."
"JX32","RCTP","KSEA","Starlux Airbus A350","Starwalker 115JX","Starlux Virtual",586,"Approved","59831","Passenger","83","ROTW(2x)","Fri, 13 Feb 2026 00:00:00 GMT","Fri, 13 Feb 2026 15:45:17 GMT",
"JX31","KSEA","RCTP","Starlux Airbus A350","Starwalker 115JX","Starlux Virtual",814,"Approved","61037","Passenger","83","ROTW(2x)","Fri, 13 Feb 2026 00:00:00 GMT","Fri, 13 Feb 2026 15:46:38 GMT",
"KE186","RCTP","RKSI","Korean Air Boeing 777-300ER","Starwalker 006JX","Korean Virtual",129,"Approved","27817","Passenger","259","Event(5x)","Sat, 14 Feb 2026 00:00:00 GMT","Sat, 14 Feb 2026 15:32:16 GMT",
"JX1/JX5","KLAX","RCTP","Starlux Airbus A350","Starwalker 069JX","Starlux Virtual",846,"Approved","84925","Passenger","333","ROTW(2x)","Sun, 15 Feb 2026 00:00:00 GMT","Sun, 15 Feb 2026 07:58:12 GMT","simbrief data used "
"HO1946","ZPLJ","ZGSZ","Generic Airbus A320","Starwalker 006JX","Juneyao Virtual",154,"Approved","10837","Passenger","135","Event(5x)","Sun, 15 Feb 2026 00:00:00 GMT","Sun, 15 Feb 2026 16:01:36 GMT","Xiamen Event"
"JX10","RCTP","KONT","Starlux Airlines Airbus A330-900","Starwalker 008JX","Starlux Virtual",618,"Approved","103572","Passenger","284","None","Sun, 15 Feb 2026 00:00:00 GMT","Mon, 16 Feb 2026 18:12:50 GMT","Perfect Landing into Ontario With the Mountains Present, Smooth landing on 26R"
"FJ361","WSSS","NFFN","Fiji Airways Airbus A350-900","011JX","Starlux Virtual",675,"Approved","56666","Passenger","289","ROTW(2x)","Tue, 17 Feb 2026 00:00:00 GMT","Tue, 17 Feb 2026 21:26:23 GMT",
"JX771","RCTP ","WSSS","Starlux Airlines Airbus A330-900","Starwalker 520JX","Starlux Virtual",273,"Approved","18719","Passenger","281","ROTW(2x)","Tue, 17 Feb 2026 00:00:00 GMT","Wed, 18 Feb 2026 03:46:11 GMT","Weather: calm with overcast. Cat II landing in Singapore. Vis: 1,000"
"FJ361","WSSS ","NFFN","Generic Airbus A330-300","Starwalker 520JX","Starlux Virtual",609,"Approved","52424","Passenger","297","ROTW(2x)","Tue, 17 Feb 2026 00:00:00 GMT","Wed, 18 Feb 2026 05:19:21 GMT","Weather: Calm Vis: Clear "
"FJ410","NFFN ","NZAA","Fiji Airways Airbus A350-900","Starwalker 520JX","Starlux Virtual",165,"Approved","14626","Passenger","346","ROTW(2x)","Wed, 18 Feb 2026 00:00:00 GMT","Thu, 19 Feb 2026 12:16:11 GMT","Weather: Calm Vis: Clear."
"LA800","NZAA","SCEL","Generic Boeing 787-9","Starwalker 520JX","Starlux Virtual",628,"Approved","51330","Passenger","350","ROTW(2x)","Wed, 18 Feb 2026 00:00:00 GMT","Thu, 19 Feb 2026 12:21:47 GMT","Weather: Calm. Vis: <10"
"LA8105","SCEL","SBGL","Generic Airbus A320","Starwalker 520JX","Starlux Virtual",204,"Approved","9753","Passenger","137","None","Thu, 19 Feb 2026 00:00:00 GMT","Wed, 25 Feb 2026 07:56:46 GMT",
"LA3516","SBGL ","SBFZ","Generic Airbus A320","Starwalker 520JX","Starlux Virtual",158,"Approved","7095","Passenger","134","None","Thu, 19 Feb 2026 00:00:00 GMT","Wed, 25 Feb 2026 07:58:06 GMT",
"LA8150","SBFZ ","LPPT","Generic Boeing 787-9","Starwalker 520JX","Starlux Virtual",386,"Approved","31370","Passenger","350","None","Fri, 20 Feb 2026 00:00:00 GMT","Wed, 25 Feb 2026 07:59:46 GMT",
"LG3754","LPPT ","ELLX","Generic Boeing 737-700","Starwalker 520JX","Starlux Virtual",137,"Approved","5521","Passenger","120","None","Fri, 20 Feb 2026 00:00:00 GMT","Wed, 25 Feb 2026 08:01:29 GMT",
"LG985","ELLX","LMML","Generic Boeing 737-700","Starwalker 520JX","Starlux Virtual",136,"Approved","5993","Passenger","148","None","Mon, 23 Feb 2026 00:00:00 GMT","Wed, 25 Feb 2026 08:03:23 GMT",
"HO7416","ZHHH","ZSPD","Generic Boeing 737-800","Starwalker 004JX","China Southern Virtual",74,"Approved","3363","Passenger","151","None","Mon, 23 Feb 2026 00:00:00 GMT","Wed, 25 Feb 2026 10:29:45 GMT",
"JX101","RCTP","LKPR","Starlux Airbus A350","Starwalker 115JX","Starlux Virtual",802,"Approved","84830","Passenger","94","None","Thu, 26 Feb 2026 00:00:00 GMT","Fri, 27 Feb 2026 07:08:36 GMT",
"JX785","RCTP","RPLL","Generic Airbus A321","Starwalker 115JX","Starlux Virtual",110,"Approved","5121","Passenger","73","ROTW(2x)","Wed, 25 Feb 2026 00:00:00 GMT","Fri, 27 Feb 2026 19:23:49 GMT",
"JX786","RPLL","RCTP","Generic Airbus A321","Starwalker 115JX","Starlux Virtual",108,"Approved","5107","Passenger","58","ROTW(2x)","Thu, 26 Feb 2026 00:00:00 GMT","Fri, 27 Feb 2026 19:25:37 GMT",
"JX102","LKPR","RCTP","Starlux Airbus A350","Starwalker 115JX","Starlux Virtual",629,"Approved","81636","Passenger","83","None","Sun, 01 Mar 2026 00:00:00 GMT","Sun, 01 Mar 2026 06:13:50 GMT",
"KE 26","KMIA","RKSI","Korean Air Boeing 787-9","Starwalker 069JX","Korean Virtual",969,"Approved","70774","Passenger","297","None","Mon, 02 Mar 2026 00:00:00 GMT","Mon, 02 Mar 2026 12:59:33 GMT",
"KE 26","KMIA","RKSI","Korean Air Boeing 787-9","Starwalker 069JX","N/A",980,"Approved","76637","Passenger","308","None","Tue, 03 Mar 2026 00:00:00 GMT","Tue, 03 Mar 2026 09:15:55 GMT",
"STARWALKER 115JX","RCTP","LSZH","Starlux Airbus A350","Starwalker 115JX","Starlux Virtual",827,"Approved","86220","Passenger","93","None","Mon, 02 Mar 2026 00:00:00 GMT","Tue, 03 Mar 2026 20:26:00 GMT",
"STARWALKER 115JX","LSZH","RCTP","Starlux Airbus A350","Starwalker 115JX","Starlux Virtual",687,"Approved","67024","Passenger","89","None","Tue, 03 Mar 2026 00:00:00 GMT","Tue, 03 Mar 2026 20:27:29 GMT",
"STARWALKER 115JX","RCTP","EFHK","Starlux Airbus A350","Starwalker 115JX","Starlux Virtual",705,"Approved","87108","Passenger","94","None","Wed, 04 Mar 2026 00:00:00 GMT","Thu, 05 Mar 2026 19:00:21 GMT",
"STARWALKER 115JX","EFHK","RCTP","Starlux Airbus A350","Starwalker 115JX","Starlux Virtual",918,"Approved","96301","Passenger","96","None","Wed, 04 Mar 2026 00:00:00 GMT","Thu, 05 Mar 2026 19:01:53 GMT",
"AA61","KDFW","RJAA","American Airlines Boeing 777-200ER","011JX","Starlux Virtual",719,"Approved","1596","Passenger","320","ROTW(2x)","Fri, 06 Mar 2026 00:00:00 GMT","Fri, 06 Mar 2026 15:35:20 GMT",
"STARWALKER 115JX","RCTP","LIMC","Starlux Airbus A350","Starwalker 115JX","Starlux Virtual",844,"Approved","87461","Passenger","94","None","Fri, 06 Mar 2026 00:00:00 GMT","Sat, 07 Mar 2026 15:20:57 GMT",
"STARWALKER 115JX","LIMC","RCTP","Starlux Airbus A350","Starwalker 115JX","Starlux Virtual",656,"Approved","69504","Passenger","86","None","Sat, 07 Mar 2026 00:00:00 GMT","Sat, 07 Mar 2026 15:22:31 GMT",
"AA61","KDFW","RJAA","American Airlines Boeing 777-200ER","Starwalker 069JX","American Virtual",775,"Approved","90399","Passenger","224","ROTW(2x)","Sun, 08 Mar 2026 00:00:00 GMT","Sun, 08 Mar 2026 14:58:14 GMT",
"JX26","RCTP ","KPHX ","Starlux Airbus A350","Starwalker 520JX","Starlux Virtual",624,"Approved","64495","Passenger","307","ROTW(2x)","Sat, 07 Mar 2026 00:00:00 GMT","Mon, 09 Mar 2026 08:16:58 GMT","Weather: strong winds from the North in Taipei. Vis: 10sm. Note arrived 1:25 min early and burned 2,000 kg additional fuel"
"JX025","KPHX ","RCTP","Starlux Airbus A350","Starwalker 520JX","Starlux Virtual",821,"Approved","79348","Passenger","265","ROTW(2x)","Sun, 08 Mar 2026 00:00:00 GMT","Mon, 09 Mar 2026 08:20:05 GMT","Weather: Clear and calm. Note: Arrived 1:10 min early and burned 2,000 kg additional fuel."
"STARWALKER 115JX","RCTP","EGLL","Starlux Airbus A350","Starwalker 115JX","Starlux Virtual",883,"Approved","92716","Passenger","96","None","Sun, 08 Mar 2026 00:00:00 GMT","Mon, 09 Mar 2026 17:46:22 GMT",
"STARWALKER 115JX","EGLL","RCTP","Starlux Airbus A350","Starwalker 115JX","Starlux Virtual",714,"Approved","85680","Passenger","94","None","Sun, 08 Mar 2026 00:00:00 GMT","Mon, 09 Mar 2026 17:48:05 GMT",
"JX741","RCTP ","VTBS ","Starlux Airbus A350","Starwalker 520JX","Starlux Virtual",217,"Approved","18683","Passenger","346","None","Mon, 09 Mar 2026 00:00:00 GMT","Tue, 10 Mar 2026 08:49:15 GMT","Weather: Strong winds. Vis: 10sm Note: arrived 20 min early and burned 1,000 kg additional fuel."
"JX742","VTBS ","RCTP","Starlux Airbus A350","Starwalker 520JX","Starlux Virtual",175,"Approved","15441","Passenger","273","None","Mon, 09 Mar 2026 00:00:00 GMT","Tue, 10 Mar 2026 08:52:21 GMT","Weather: Calm and clear note: arrived 30 min early and burned 1,000 kg additional fuel."
"JX 771","RCTP","WSSS","Generic Airbus A330-900","Starwalker 003JX","Starlux Virtual",287,"Approved","23998","Passenger","260","None","Thu, 12 Mar 2026 00:00:00 GMT","Wed, 11 Mar 2026 23:22:29 GMT",
"JX 772","WSSS","RCTP","Generic Airbus A330-900","Starwalker 003JX","Starlux Virtual",218,"Approved","18112","Passenger","300","None","Thu, 12 Mar 2026 00:00:00 GMT","Thu, 12 Mar 2026 02:19:35 GMT",
"JX205","RCTP ","VMMC","Starlux Airlines Airbus A330-900","Starwalker 520JX","Starlux Virtual",110,"Approved","8617","Passenger","297","None","Tue, 10 Mar 2026 00:00:00 GMT","Fri, 13 Mar 2026 03:50:55 GMT","Weather: Rainy Vis: <6 sm. Note: had to go around. STAR had incorrect altitude for LOC."
"JX206","VMMC ","RCTP","Starlux Airlines Airbus A330-900","Starwalker 520JX","Starlux Virtual",73,"Approved","6058","Passenger","287","None","Tue, 10 Mar 2026 00:00:00 GMT","Fri, 13 Mar 2026 03:53:53 GMT","Weather: Rainy. Vis: <10 sm"
"JX520","RCTP ","LIMC","Starlux Airbus A350","Starwalker 520JX","Starlux Virtual",846,"Approved","81779","Passenger","346","None","Thu, 12 Mar 2026 00:00:00 GMT","Fri, 13 Mar 2026 03:57:58 GMT","Weather: Calm with fog. Vis: 600m. Illyrian program exploration flight."
"JX 32","RCTP","KSEA","Generic Airbus A350-900","Starwalker 003JX","Starlux Virtual",571,"Approved","59090","Passenger","316","None","Fri, 13 Mar 2026 00:00:00 GMT","Fri, 13 Mar 2026 07:14:49 GMT",
"JX 31","KSEA","RCTP","Generic Airbus A350-900","Starwalker 003JX","Starlux Virtual",759,"Approved","71150","Passenger","300","None","Sun, 15 Mar 2026 00:00:00 GMT","Sat, 14 Mar 2026 18:27:46 GMT",
"FJ 810","NFFN","KLAX","Fiji Airways Airbus A350-900","Starwalker 003JX","Starlux Virtual",589,"Approved","57123","Passenger","300","None","Sun, 15 Mar 2026 00:00:00 GMT","Sun, 15 Mar 2026 07:41:50 GMT",
"FJ 811","KLAX","NFFN","Fiji Airways Airbus A350-900","Starwalker 003JX","Fiji Virtual",601,"Approved","59993","Passenger","300","None","Mon, 16 Mar 2026 00:00:00 GMT","Sun, 15 Mar 2026 18:14:21 GMT",
"KQ901","VTBS","HKJK","Generic Boeing 787-8","Starwalker 004JX","Kenya Airways Virtual",515,"Approved","32090","Passenger","242","None","Mon, 16 Mar 2026 00:00:00 GMT","Mon, 16 Mar 2026 06:04:40 GMT",
"FJ 350","NFFN","RJAA","Generic Airbus A330-300","Starwalker 003JX","Fiji Virtual",521,"Approved","52735","Passenger","300","None","Tue, 17 Mar 2026 00:00:00 GMT","Tue, 17 Mar 2026 14:53:38 GMT",
"FJ 351","RJAA","NFFN","Generic Airbus A330-300","Starwalker 003JX","Fiji Virtual",450,"Approved","49800","Passenger","300","None","Wed, 18 Mar 2026 00:00:00 GMT","Tue, 17 Mar 2026 23:39:08 GMT",
"KQ554","HKJK","FZAA","Generic Boeing 737-800","Starwalker 004JX","Kenya Airways Virtual",141,"Approved","6979","Passenger","154","None","Wed, 18 Mar 2026 00:00:00 GMT","Wed, 18 Mar 2026 09:52:24 GMT",
"FJ 890","NFFN","KDFW","Fiji Airways Airbus A350-900","Starwalker 003JX","Starlux Virtual",705,"Approved","75100","Passenger","300","None","Wed, 18 Mar 2026 00:00:00 GMT","Wed, 18 Mar 2026 11:49:08 GMT",
"JX520","LIMC","RCTP","Starlux Airlines Airbus A330-900","Starwalker 520JX","Starlux Virtual",689,"Approved","62204","Passenger","304","None","Thu, 12 Mar 2026 00:00:00 GMT","Wed, 18 Mar 2026 14:28:58 GMT","Illyrian program "
"JX02","RCTP ","KLAX ","Starlux Airlines Airbus A330-900","Starwalker 520JX","Starlux Virtual",639,"Approved","61810","Passenger","346","None","Sat, 14 Mar 2026 00:00:00 GMT","Wed, 18 Mar 2026 14:32:34 GMT",
"JX01","KLAX ","RCTP","Starlux Airlines Airbus A330-900","Starwalker 520JX","Starlux Virtual",793,"Approved","74271","Passenger","275","None","Sun, 15 Mar 2026 00:00:00 GMT","Wed, 18 Mar 2026 14:34:43 GMT",
"JX850","RCTP ","RJCC","Starlux Airlines Airbus A330-900","Starwalker 520JX","Starlux Virtual",192,"Approved","16419","Passenger","277","None","Tue, 17 Mar 2026 00:00:00 GMT","Wed, 18 Mar 2026 14:36:43 GMT",
"JX851","RJCC ","RCTP","Starlux Airlines Airbus A330-900","Starwalker 520JX","Starlux Virtual",232,"Approved","18708","Passenger","254","None","Tue, 17 Mar 2026 00:00:00 GMT","Wed, 18 Mar 2026 14:39:14 GMT",
"FJ 891","KDFW","NFFN","Fiji Airways Airbus A350-900","Starwalker 003JX","Fiji Virtual",718,"Approved","75156","Passenger","300","None","Thu, 19 Mar 2026 00:00:00 GMT","Thu, 19 Mar 2026 01:36:39 GMT",
"JX2","RCTP","KLAX","Starlux Airbus A350","Starwalker 115JX","Starlux Virtual",639,"Approved","64648","Passenger","85","None","Thu, 19 Mar 2026 00:00:00 GMT","Sat, 21 Mar 2026 04:07:34 GMT",
"JX1","KLAX","RCTP","Starlux Airbus A350","Starwalker 115JX","Starlux Virtual",784,"Approved","81588","Passenger","95","None","Fri, 20 Mar 2026 00:00:00 GMT","Sat, 21 Mar 2026 04:09:35 GMT",
"JX 12","RCTP","KSFO","Starlux Airbus A350","Starwalker 003JX","Starlux Virtual",639,"Approved","61700","Passenger","300","None","Mon, 23 Mar 2026 00:00:00 GMT","Mon, 23 Mar 2026 10:44:07 GMT","Using SB flight time "
"JX2","RCTP ","KLAX ","Starlux Airbus A350","Starwalker 520JX","Starlux Virtual",605,"Approved","58209","Passenger","279","None","Fri, 20 Mar 2026 00:00:00 GMT","Mon, 23 Mar 2026 14:35:39 GMT",
"JX1","KLAX ","RCTP","Starlux Airbus A350","Starwalker 520JX","Starlux Virtual",763,"Approved","73122","Passenger","275","None","Sat, 21 Mar 2026 00:00:00 GMT","Mon, 23 Mar 2026 14:37:49 GMT",
"JX862","RCTP ","RJSS","Starlux Airlines Airbus A330-900","Starwalker 520JX","Starlux Virtual",165,"Approved","12551","Passenger","249","None","Mon, 23 Mar 2026 00:00:00 GMT","Mon, 23 Mar 2026 14:40:50 GMT",
"JX12","RCTP","KSFO","Starlux Airbus A350","Starwalker 115JX","Starlux Virtual",657,"Approved","62523","Passenger","86","None","Tue, 24 Mar 2026 00:00:00 GMT","Tue, 24 Mar 2026 07:00:41 GMT",
"JX11","KSFO","RCTP","Starlux Airbus A350","Starwalker 115JX","Starlux Virtual",805,"Approved","78600","Passenger","87","None","Wed, 25 Mar 2026 00:00:00 GMT","Tue, 24 Mar 2026 20:36:43 GMT",
"JX 11","KSFO","RCTP","Starlux Airbus A350","Starwalker 003JX","Starlux Virtual",780,"Approved","78700","Passenger","300","None","Tue, 24 Mar 2026 00:00:00 GMT","Wed, 25 Mar 2026 12:50:41 GMT","Using SB flight time "
"JX 2","RCTP","KLAX","Starlux Airbus A350","Starwalker 003JX","Starlux Virtual",632,"Approved","71000","Passenger","315","None","Thu, 26 Mar 2026 00:00:00 GMT","Thu, 26 Mar 2026 02:27:27 GMT",
"JX863","RJSS","RCTP","Starlux Airlines Airbus A330-900","Starwalker 520JX","Starlux Virtual",210,"Approved","16772","Passenger","248","None","Mon, 23 Mar 2026 00:00:00 GMT","Thu, 26 Mar 2026 05:34:29 GMT",
"JX235","RCTP ","VHHH","Starlux Airbus A350","Starwalker 520JX","Starlux Virtual",81,"Approved","8506","Passenger","235","None","Tue, 24 Mar 2026 00:00:00 GMT","Thu, 26 Mar 2026 05:37:01 GMT",
"JX236","VHHH ","RCTP","Starlux Airbus A350","Starwalker 520JX","Starlux Virtual",73,"Approved","5839","Passenger","307","None","Tue, 24 Mar 2026 00:00:00 GMT","Thu, 26 Mar 2026 05:38:44 GMT",
"JX25","KPHX","RCTP","Starlux Airbus A350","Starwalker 069JX","Starlux Virtual",815,"Approved","0","Passenger","231","None","Thu, 26 Mar 2026 00:00:00 GMT","Thu, 26 Mar 2026 09:51:50 GMT",
"JX 1","KLAX","RCTP","Starlux Airbus A350","Starwalker 003JX","Starlux Virtual",793,"Approved","87300","Passenger","315","None","Thu, 26 Mar 2026 00:00:00 GMT","Thu, 26 Mar 2026 15:53:56 GMT",
"LA 8126","SBGR","KMCO","Generic Boeing 787-9","Starwalker 069JX","Latour Virtual",455,"Approved","0","Passenger","257","None","Fri, 27 Mar 2026 00:00:00 GMT","Thu, 26 Mar 2026 19:33:27 GMT",
"AA 204","KPHL","EHAM","Generic Boeing 787-8","Starwalker 003JX","American Virtual",403,"Approved","32600","Passenger","248","None","Fri, 27 Mar 2026 00:00:00 GMT","Thu, 26 Mar 2026 23:18:08 GMT",
"JX771","RCTP","WSSS","Starlux Airbus A350","Starwalker 115JX","Starlux Virtual",428,"Approved","22608","Passenger","68","ROTW(2x)","Fri, 27 Mar 2026 00:00:00 GMT","Fri, 27 Mar 2026 06:09:09 GMT","Simbrief + 1:30 approach time"
"JX772","WSSS","RCTP","Starlux Airbus A350","Starwalker 115JX","Starlux Virtual",233,"Approved","22435","Passenger","65","ROTW(2x)","Fri, 27 Mar 2026 00:00:00 GMT","Fri, 27 Mar 2026 06:11:15 GMT","Simbrief"
"JX 25","KPHX","RCTP","Starlux Airbus A350","Starwalker 069JX","Starlux Virtual",789,"Approved","0","Passenger","297","None","Fri, 27 Mar 2026 00:00:00 GMT","Fri, 27 Mar 2026 09:54:58 GMT",
"AA 203","EHAM","KPHL","Generic Boeing 787-8","Starwalker 003JX","American Virtual",453,"Approved","44200","Passenger","248","None","Fri, 27 Mar 2026 00:00:00 GMT","Fri, 27 Mar 2026 13:47:11 GMT",
"KE 55","RKSI","PHNL","Korean Air Airbus A380","Starwalker 069JX","Korean Virtual",472,"Approved","0","Passenger","567","None","Fri, 27 Mar 2026 00:00:00 GMT","Fri, 27 Mar 2026 18:09:25 GMT",
"JX 32","RCTP","KSEA","Starlux Airbus A350","Starwalker 003JX","Starlux Virtual",615,"Approved","62250","Passenger","315","IF48(1.5x)","Sat, 28 Mar 2026 00:00:00 GMT","Sat, 28 Mar 2026 01:16:09 GMT",
"KE 26","KMIA","RKSI","Korean Air Boeing 787-9","Starwalker 069JX","Korean Virtual",901,"Approved","0","Passenger","250","None","Sat, 28 Mar 2026 00:00:00 GMT","Sat, 28 Mar 2026 09:33:42 GMT",
"JX 31","KSEA","RCTP","Starlux Airbus A350","Starwalker 003JX","Starlux Virtual",774,"Approved","78490","Passenger","315","IF48(1.5x)","Sun, 29 Mar 2026 00:00:00 GMT","Sat, 28 Mar 2026 17:14:17 GMT",
"JX12","RCTP","KLAX","Starlux Airbus A350","Starwalker 115JX","N/A",619,"Denied","61953","Passenger","85","None","Fri, 27 Mar 2026 00:00:00 GMT","Sat, 28 Mar 2026 18:02:22 GMT",
"JX12","RCTP","KSFO","Starlux Airbus A350","Starwalker 115JX","Starlux Virtual",619,"Denied","61953","Passenger","85","None","Fri, 27 Mar 2026 00:00:00 GMT","Sat, 28 Mar 2026 18:04:37 GMT","the last submit from rctp - klax is wrong, this one is the right one"
"JX11","KSFO","RCTP","Starlux Airbus A350","Starwalker 115JX","Starlux Virtual",735,"Denied","803589","Passenger","94","None","Thu, 28 Mar 2926 00:00:00 GMT","Sat, 28 Mar 2026 18:06:08 GMT","using simbrief"
"FJ 350","NFFN","RJAA","Generic Airbus A330-300","Starwalker 069JX","Fiji Virtual",552,"Approved","0","Passenger","300","None","Sun, 29 Mar 2026 00:00:00 GMT","Sat, 28 Mar 2026 19:10:53 GMT","Fiji airways livery used "
"JX 12","RCTP","KSFO","Starlux Airbus A350","Starwalker 003JX","Starlux Virtual",608,"Approved","68900","Passenger","315","IF48(1.5x)","Sun, 29 Mar 2026 00:00:00 GMT","Sun, 29 Mar 2026 04:29:12 GMT",
"JX771","RCTP ","WSSS","Starlux Airlines Airbus A330-900","Starwalker 520JX","Starlux Virtual",258,"Approved","21564","Passenger","287","None","Thu, 26 Mar 2026 00:00:00 GMT","Sun, 29 Mar 2026 05:14:30 GMT","IFATC featured location "
"JX772","WSSS ","RCTP","Starlux Airlines Airbus A330-900","Starwalker 520JX","Starlux Virtual",246,"Approved","17667","Passenger","195","None","Fri, 27 Mar 2026 00:00:00 GMT","Sun, 29 Mar 2026 05:16:40 GMT",
"JX002","RCTP ","KLAX ","Starlux Airbus A350","Starwalker 520JX","Starlux Virtual",664,"Approved","60305","Passenger","310","IF48(1.5x)","Fri, 27 Mar 2026 00:00:00 GMT","Sun, 29 Mar 2026 05:20:31 GMT","IF48 took off Friday to arrive Saturday morning at the start of event."
"JX001","KLAX","RCTP","Starlux Airbus A350","Starwalker 520JX","Starlux Virtual",793,"Approved","74529","Passenger","281","IF48(1.5x)","Sat, 28 Mar 2026 00:00:00 GMT","Sun, 29 Mar 2026 05:25:13 GMT","IF48. Note: Pushing M0.86 and burning 2,000 kg extra fuel got me back a whole 10 min early."
"KE 972","EIDW","RKSI","Korean Air Boeing 777-300ER","Starwalker 069JX","Korean Virtual",714,"Approved","0","Passenger","369","None","Sun, 29 Mar 2026 00:00:00 GMT","Sun, 29 Mar 2026 07:58:38 GMT",
"JBU 413","KFLL","KSEA","JetBlue Airbus A320","Starwalker 003JX","JetBlue Virtual",354,"Approved","15400","Passenger","150","IF48(1.5x)","Sun, 29 Mar 2026 00:00:00 GMT","Sun, 29 Mar 2026 13:33:40 GMT",
"3U 8271","LSZH","ZUTF","Sichuan Airlines Airbus A350-900","Starwalker 069JX","Sichuan Virtual",583,"Approved","0","Passenger","350","None","Sun, 29 Mar 2026 00:00:00 GMT","Sun, 29 Mar 2026 18:10:58 GMT",
"JX 11","KSFO","RCTP","Starlux Airbus A350","Starwalker 003JX","Starlux Virtual",757,"Approved","83500","Passenger","315","IF48(1.5x)","Mon, 30 Mar 2026 00:00:00 GMT","Mon, 30 Mar 2026 02:43:45 GMT",
"JX511","WSSS","RCTP ","Generic Airbus A330-900","Starwalker 511JX","Starlux Virtual",271,"Approved","11432","Passenger","251","None","Mon, 30 Mar 2026 00:00:00 GMT","Mon, 30 Mar 2026 05:05:53 GMT",
"JX12","RCTP","KSFO","Starlux Airbus A350","Starwalker 115JX","Starlux Virtual",619,"Approved","61953","Passenger","85","IF48(1.5x)","Mon, 30 Mar 2026 00:00:00 GMT","Mon, 30 Mar 2026 06:38:49 GMT","Resubmitted PIREP with multiplier"
"JX11","KSFO","RCTP","Starlux Airbus A350","Starwalker 115JX","Starlux Virtual",735,"Approved","80359","Passenger","94","IF48(1.5x)","Mon, 30 Mar 2026 00:00:00 GMT","Mon, 30 Mar 2026 06:40:21 GMT","Resubmitted PIREP with multiplier"
"KE 921","RKSI","LPPT","Korean Air Boeing 787-9","Starwalker 069JX","N/A",894,"Approved","130100","Passenger","256","None","Mon, 30 Mar 2026 00:00:00 GMT","Mon, 30 Mar 2026 09:48:01 GMT",
"JX 800","RCTP","RJAA","Starlux Airbus A350","Starwalker 003JX","Starlux Virtual",160,"Approved","14200","Passenger","315","None","Mon, 30 Mar 2026 00:00:00 GMT","Mon, 30 Mar 2026 12:30:21 GMT",
"AA 203","EHAM","KPHL","Generic Boeing 787-8","Starwalker 069JX","American Virtual",492,"Approved","0","Passenger","316","None","Mon, 30 Mar 2026 00:00:00 GMT","Mon, 30 Mar 2026 18:27:43 GMT",
"JX 801","RJAA","RCTP","Starlux Airbus A350","Starwalker 003JX","Starlux Virtual",196,"Approved","18200","Passenger","315","None","Mon, 30 Mar 2026 00:00:00 GMT","Tue, 31 Mar 2026 02:31:44 GMT",
"KE 901","RKSI","LFPG","Korean Air Airbus A380","Starwalker 069JX","Korean Virtual",808,"Approved","0","Passenger","569","None","Tue, 31 Mar 2026 00:00:00 GMT","Tue, 31 Mar 2026 08:26:37 GMT",
"EK4623","OMDB","OERK","Generic Airbus A350-900","Starwalker 511JX","N/A",87,"Approved","3177","Passenger","257","None","Tue, 31 Mar 2026 00:00:00 GMT","Tue, 31 Mar 2026 09:37:27 GMT",
"VA 1971","YPMQ","YSSY","Generic Boeing 737-8 MAX","Starwalker 511JX","N/A",49,"Approved","1727","Passenger","147","None","Tue, 31 Mar 2026 00:00:00 GMT","Tue, 31 Mar 2026 12:16:49 GMT",
"JX032","RCTP ","KSEA ","Starlux Airbus A350","Starwalker 520JX","Starlux Virtual",572,"Approved","52444","Passenger","346","IF48(1.5x)","Sun, 29 Mar 2026 00:00:00 GMT","Tue, 31 Mar 2026 14:09:17 GMT","IF48"
"JX031","KSEA ","RCTP","Starlux Airbus A350","Starwalker 520JX","Starlux Virtual",728,"Approved","63161","Passenger","286","IF48(1.5x)","Sun, 29 Mar 2026 00:00:00 GMT","Tue, 31 Mar 2026 14:12:04 GMT","IF48"
"JX804","RCTP ","RJAA","Starlux Airbus A350","Starwalker 520JX","Starlux Virtual",156,"Approved","12010","Passenger","244","None","Mon, 30 Mar 2026 00:00:00 GMT","Tue, 31 Mar 2026 14:14:02 GMT","IFATC featured airport "
"JX805","RJAA ","RCTP","Starlux Airbus A350","Starwalker 520JX","Starlux Virtual",198,"Approved","16864","Passenger","336","None","Mon, 30 Mar 2026 00:00:00 GMT","Tue, 31 Mar 2026 14:16:04 GMT","IFATC featured airport "
"LA 8126","SBGR","KMCO","Generic Boeing 787-9","Starwalker 069JX","Latour Virtual",488,"Approved","0","Passenger","233","None","Tue, 31 Mar 2026 00:00:00 GMT","Tue, 31 Mar 2026 16:53:54 GMT",
"KE 025","RKSI","KMIA","Korean Air Boeing 777-300ER","Starwalker 003JX","Korean Virtual",846,"Approved","117000","Passenger","200","None","Wed, 01 Apr 2026 00:00:00 GMT","Tue, 31 Mar 2026 20:55:02 GMT",
"KE 026","KMIA","RKSI","Korean Air Boeing 777-300ER","Starwalker 003JX","N/A",925,"Approved","132000","Passenger","200","None","Wed, 01 Apr 2026 00:00:00 GMT","Tue, 31 Mar 2026 20:55:16 GMT",
"JX 308","RCMQ","RORS","Generic Airbus A321","Starwalker 511JX","Starlux Virtual",51,"Approved","8412","Passenger","227","None","Wed, 01 Apr 2026 00:00:00 GMT","Wed, 01 Apr 2026 00:20:21 GMT",
"KE 26","KMIA","RKSI","Korean Air Boeing 787-9","Starwalker 069JX","Korean Virtual",946,"Approved","0","Passenger","342","None","Wed, 01 Apr 2026 00:00:00 GMT","Wed, 01 Apr 2026 11:18:08 GMT",
"JX  26","RCTP","KPHX","Starlux Airbus A350","Starwalker 003JX","Starlux Virtual",681,"Approved","76900","Passenger","315","None","Wed, 01 Apr 2026 00:00:00 GMT","Wed, 01 Apr 2026 14:07:33 GMT",
"GA 718","WADD","YMML","Garuda Indonesia Airbus A330-900","Starwalker 069JX","Garuda Virtual",329,"Approved","0","Passenger","297","None","Wed, 01 Apr 2026 00:00:00 GMT","Wed, 01 Apr 2026 17:00:31 GMT",
"AA 95","LEMD","KJFK","American Airlines Boeing 777-200ER","Starwalker 069JX","American Virtual",466,"Approved","0","Passenger","224","None","Thu, 02 Apr 2026 00:00:00 GMT","Thu, 02 Apr 2026 02:26:47 GMT",
"JX  25","KPHX","RCTP","Starlux Airbus A350","Starwalker 003JX","Starlux Virtual",817,"Approved","95400","Passenger","315","None","Wed, 01 Apr 2026 00:00:00 GMT","Thu, 02 Apr 2026 04:54:52 GMT",
"JX 9","KONT","RCTP","Starlux Airbus A350","Starwalker 069JX","Starlux Virtual",883,"Approved","0","Passenger","288","None","Thu, 02 Apr 2026 00:00:00 GMT","Thu, 02 Apr 2026 18:25:50 GMT",
"JX 25","KPHX","RCTP","Starlux Airbus A350","Starwalker 069JX","Starlux Virtual",899,"Approved","0","Passenger","288","None","Fri, 03 Apr 2026 00:00:00 GMT","Fri, 03 Apr 2026 16:26:19 GMT",
"JX2","RCTP","KLAX","Starlux Airbus A350","Starwalker 115JX","Starlux Virtual",651,"Approved","64518","Passenger","68","None","Sat, 04 Apr 2026 00:00:00 GMT","Fri, 03 Apr 2026 23:44:12 GMT",
"JX1","KLAX","RCTP","Starlux Airbus A350","Starwalker 115JX","Starlux Virtual",806,"Approved","84156","Passenger","94","None","Sat, 04 Apr 2026 00:00:00 GMT","Fri, 03 Apr 2026 23:45:43 GMT",
"JX 11","KSFO","RCTP","Starlux Airbus A350","Starwalker 069JX","Starlux Virtual",804,"Approved","0","Passenger","376","None","Sat, 04 Apr 2026 00:00:00 GMT","Sat, 04 Apr 2026 08:09:31 GMT",
"KQ 112","HKJK","LFPG","Generic Boeing 787-8","Starwalker 069JX","N/A",510,"Approved","0","Passenger","289","None","Sun, 05 Apr 2026 00:00:00 GMT","Sat, 04 Apr 2026 18:45:55 GMT",
"JX 2","RCTP","KLAX","Starlux Airbus A350","Starwalker 003JX","Starlux Virtual",658,"Approved","70500","Passenger","315","POTM 1st (4x)","Thu, 02 Apr 2026 00:00:00 GMT","Sun, 05 Apr 2026 03:50:29 GMT",
"JX 1","KLAX","RCTP","Starlux Airbus A350","Starwalker 003JX","Starlux Virtual",775,"Denied","88900","Passenger","315","POTM 1st (4x)","Sun, 05 Apr 2026 00:00:00 GMT","Sun, 05 Apr 2026 03:51:54 GMT",
"JX 1","KLAX","RCTP","Starlux Airbus A350","Starwalker 003JX","Starlux Virtual",775,"Approved","88900","Passenger","315","POTM 1st (4x)","Sun, 05 Apr 2026 00:00:00 GMT","Sun, 05 Apr 2026 03:55:37 GMT",
"JX 1","KLAX","RCTP","Starlux Airbus A350","Starwalker 069JX","Starlux Virtual",851,"Approved","0","Passenger","297","None","Sun, 05 Apr 2026 00:00:00 GMT","Sun, 05 Apr 2026 09:17:21 GMT",
"GA 713","YSSY","WIII","Garuda Indonesia Airbus A330-300","Starwalker 069JX","Garuda Virtual",433,"Approved","0","Passenger","231","None","Sun, 05 Apr 2026 00:00:00 GMT","Sun, 05 Apr 2026 16:52:50 GMT",
"JX 26","RCTP","KPHX","Generic Airbus A350-900","Starwalker 511JX","Starlux Virtual",832,"Approved","10097","Passenger","234","None","Sun, 05 Apr 2026 00:00:00 GMT","Mon, 06 Apr 2026 01:35:29 GMT",
"JX 31","KSEA","RCTP","Starlux Airbus A350","Starwalker 069JX","Starlux Virtual",815,"Approved","0","Passenger","308","None","Mon, 06 Apr 2026 00:00:00 GMT","Mon, 06 Apr 2026 07:02:00 GMT",
"JX 10 ","RCTP","KONT","Starlux Airbus A350","Starwalker 003JX","Starlux Virtual",708,"Approved","72262","Passenger","315","POTM 1st (4x)","Mon, 06 Apr 2026 00:00:00 GMT","Mon, 06 Apr 2026 12:02:18 GMT",
"JX 10","RCTP","KONT","Starlux Airbus A350","Starwalker 069JX","Starlux Virtual",690,"Approved","0","Passenger","224","None","Mon, 06 Apr 2026 00:00:00 GMT","Mon, 06 Apr 2026 18:48:26 GMT",
"JX 9","KONT","RCTP","Starlux Airbus A350","Starwalker 003JX","N/A",785,"Approved","88106","Passenger","315","POTM 1st (4x)","Tue, 07 Apr 2026 00:00:00 GMT","Mon, 06 Apr 2026 22:59:25 GMT",
"JX 5","KLAX","RCTP","Starlux Airbus A350","Starwalker 069JX","Starlux Virtual",864,"Approved","0","Passenger","297","None","Tue, 07 Apr 2026 00:00:00 GMT","Tue, 07 Apr 2026 09:45:32 GMT",
"HU 7985","ZBAA","UUEE","Hainan Airlines Airbus A330-300","Starwalker 003JX","Hainan Virtual",488,"Approved","45200","Passenger","300","POTM 1st (4x)","Tue, 07 Apr 2026 00:00:00 GMT","Tue, 07 Apr 2026 12:39:36 GMT",
"HU 7986","UUEE","ZBAA","Hainan Airlines Airbus A330-300","Starwalker 003JX","Starlux Virtual",409,"Approved","36880","Passenger","300","POTM 1st (4x)","Tue, 07 Apr 2026 00:00:00 GMT","Tue, 07 Apr 2026 14:43:42 GMT",
"WY 143","OOMS","LIMC","Generic Boeing 787-8","Starwalker 069JX","Oman Virtual",454,"Approved","0","Passenger","234","None","Tue, 07 Apr 2026 00:00:00 GMT","Tue, 07 Apr 2026 17:39:16 GMT",
"JX 050","RCTP","LSZH","Starlux Airbus A350","Starwalker 003JX","Starlux Virtual",803,"Approved","90000","Passenger","267","None","Wed, 08 Apr 2026 00:00:00 GMT","Wed, 08 Apr 2026 07:36:33 GMT","Haedus program"
"JBU 203","KBOS","TXKF","JetBlue Airbus A320","Starwalker 003JX","JetBlue Virtual",107,"Approved","4584","Passenger","170","None","Wed, 08 Apr 2026 00:00:00 GMT","Wed, 08 Apr 2026 07:49:08 GMT",
"JX 25","KPHX","RCTP","Starlux Airbus A350","Starwalker 069JX","Starlux Virtual",907,"Approved","0","Passenger","250","None","Wed, 08 Apr 2026 00:00:00 GMT","Wed, 08 Apr 2026 08:43:08 GMT",
"JX 050","LSZH","RCTP","Starlux Airbus A350","Starwalker 003JX","Starlux Virtual",717,"Approved","70900","Passenger","315","None","Thu, 09 Apr 2026 00:00:00 GMT","Thu, 09 Apr 2026 11:59:13 GMT","Haedus program"
"KE 26","KMIA","RKSI","Korean Air Boeing 787-9","Starwalker 069JX","Korean Virtual",1011,"Approved","0","Passenger","224","None","Thu, 09 Apr 2026 00:00:00 GMT","Thu, 09 Apr 2026 12:33:14 GMT",
"KQ 113","LFPG","HKJK","Generic Boeing 787-8","Starwalker 069JX","Kenya Airways Virtual",458,"Approved","0","Passenger","288","None","Fri, 10 Apr 2026 00:00:00 GMT","Thu, 09 Apr 2026 18:49:01 GMT",
"JX 25","KPHX","RCTP","Starlux Airbus A350","Starwalker 069JX","Starlux Virtual",890,"Approved","0","Passenger","333","ROTW(2x)","Fri, 10 Apr 2026 00:00:00 GMT","Fri, 10 Apr 2026 09:53:55 GMT",
"EY31","OMAA","LFPG","Etihad Airways Airbus A380","Starwalker 069JX","N/A",500,"Approved","0","Passenger","801","None","Sat, 11 Apr 2026 00:00:00 GMT","Fri, 10 Apr 2026 18:45:41 GMT",
"JX761","RCTP","WIII","Generic Airbus A321","Starwalker 088JX","Starlux Virtual",302,"Approved","11970","Passenger","167","None","Sat, 11 Apr 2026 00:00:00 GMT","Sat, 11 Apr 2026 02:25:02 GMT",
"JX761","RCTP","WIII","Generic Airbus A321","Starwalker 075JX","Starlux Virtual",299,"Approved","50000","Passenger","213","None","Sat, 11 Apr 2026 00:00:00 GMT","Sat, 11 Apr 2026 04:10:57 GMT","."
"JX012","RCTP ","KSFO","Starlux Airbus A350","Starwalker 520JX","Starlux Virtual",665,"Approved","56161","Passenger","279","ROTW(2x)","Wed, 08 Apr 2026 00:00:00 GMT","Sat, 11 Apr 2026 04:21:15 GMT","IFATC schedule "
"JX011","KSFO ","RCTP","Starlux Airbus A350","Starwalker 520JX","Starlux Virtual",756,"Approved","69861","Passenger","320","ROTW(2x)","Thu, 09 Apr 2026 00:00:00 GMT","Sat, 11 Apr 2026 04:23:35 GMT","IFATC schedule "
"JX026","RCTP ","KPHX ","Starlux Airbus A350","Starwalker 520JX","Starlux Virtual",686,"Approved","62939","Passenger","346","ROTW(2x)","Fri, 10 Apr 2026 00:00:00 GMT","Sat, 11 Apr 2026 04:26:31 GMT","IFATC schedule "
"JX771","RCTP","WSSS","Generic Airbus A330-900","Starwalker 075JX","Starlux Virtual",246,"Approved","37000","Passenger","278","ROTW(2x)","Sat, 11 Apr 2026 00:00:00 GMT","Sat, 11 Apr 2026 10:06:10 GMT","."
"GA 89","EHAM","WIII","Garuda Indonesia Boeing 777-300ER","Starwalker 069JX","Garuda Virtual",789,"Approved","0","Passenger","458","None","Sat, 11 Apr 2026 00:00:00 GMT","Sat, 11 Apr 2026 10:31:28 GMT",
"JX32","RCTP","KSEA","Starlux Airbus A350","Starwalker 069JX","Starlux Virtual",602,"Approved","0","Passenger","297","ROTW(2x)","Sat, 11 Apr 2026 00:00:00 GMT","Sat, 11 Apr 2026 19:06:40 GMT",
"JX 050","RCTP","KJFK","Starlux Airbus A350","Starwalker 003JX","Starlux Virtual",856,"Approved","89000","Passenger","315","None","Sat, 11 Apr 2026 00:00:00 GMT","Sun, 12 Apr 2026 02:37:18 GMT","Haedus program"
"JX 050","KJFK","RCTP","Starlux Airbus A350","Starwalker 003JX","Starlux Virtual",912,"Approved","107000","Passenger","315","None","Sun, 12 Apr 2026 00:00:00 GMT","Sun, 12 Apr 2026 02:37:25 GMT","Haedus program"
"JX 789","RCTP","RPLC","Generic Airbus A321","Starwalker 003JX","Starlux Virtual",97,"Approved","4600","Passenger","188","ROTW(2x)","Sun, 12 Apr 2026 00:00:00 GMT","Sun, 12 Apr 2026 04:45:18 GMT",
"JX31","KSEA","RCTP","Starlux Airbus A350","Starwalker 069JX","Starlux Virtual",745,"Approved","0","Passenger","250","ROTW(2x)","Sun, 12 Apr 2026 00:00:00 GMT","Sun, 12 Apr 2026 07:50:11 GMT",
"JX772","WSSS","RCTP","Generic Airbus A330-900","Starwalker 075JX","Starlux Virtual",249,"Approved","30000","Passenger","190","ROTW(2x)","Sun, 12 Apr 2026 00:00:00 GMT","Sun, 12 Apr 2026 12:23:54 GMT","."
"JX 790","RPLC","RCTP","Generic Airbus A321","Starwalker 003JX","Starlux Virtual",90,"Approved","5000","Passenger","188","ROTW(2x)","Sun, 12 Apr 2026 00:00:00 GMT","Sun, 12 Apr 2026 13:04:12 GMT",
"JX762","WIII","RCTP","Generic Airbus A321","Starwalker 088JX","Starlux Virtual",357,"Approved","23451","Passenger","135","ROTW(2x)","Sun, 12 Apr 2026 00:00:00 GMT","Sun, 12 Apr 2026 14:33:04 GMT",
"JX771","RCTP","WSSS","Generic Airbus A330-900","Starwalker 088JX","Starlux Virtual",253,"Approved","30988","Passenger","236","ROTW(2x)","Sat, 11 Apr 2026 00:00:00 GMT","Sun, 12 Apr 2026 16:21:44 GMT",
"JX32","RCTP","KSEA","Starlux Airbus A350","Starwalker 069JX","Starlux Virtual",630,"Approved","0","Passenger","288","ROTW(2x)","Sun, 12 Apr 2026 00:00:00 GMT","Sun, 12 Apr 2026 19:09:53 GMT",
"KE 171","RKSI","VHHH","Korean Air Boeing 787-9","Starwalker 511JX","Korean Air",179,"Approved","15992","Passenger","276","ROTW(2x)","Mon, 13 Apr 2026 00:00:00 GMT","Mon, 13 Apr 2026 00:56:32 GMT",
"KE 26","KMIA","RKSI","Korean Air Boeing 787-9","Starwalker 069JX","Korean Virtual",987,"Approved","0","Passenger","297","None","Mon, 13 Apr 2026 00:00:00 GMT","Mon, 13 Apr 2026 12:07:37 GMT",
"JX 26","RCTP","KPHX","Starlux Airbus A350","Starwalker 003JX","Starlux Virtual",705,"Approved","76500","Passenger","315","None","Mon, 13 Apr 2026 00:00:00 GMT","Mon, 13 Apr 2026 14:16:00 GMT",
"FJ 930","NFFN","YMML","Fiji Airways Boeing 737-8 MAX","Starwalker 069JX","Fiji Virtual",293,"Approved","0","Passenger","169","None","Mon, 13 Apr 2026 00:00:00 GMT","Mon, 13 Apr 2026 17:35:47 GMT",
"JX 25","KPHX","RCTP","Starlux Airbus A350","Starwalker 003JX","Starlux Virtual",911,"Approved","96500","Passenger","315","None","Tue, 14 Apr 2026 00:00:00 GMT","Tue, 14 Apr 2026 10:11:57 GMT",
"JX 25","KPHX","RCTP","Starlux Airbus A350","Starwalker 069JX","Starlux Virtual",869,"Approved","0","Passenger","250","None","Tue, 14 Apr 2026 00:00:00 GMT","Tue, 14 Apr 2026 10:53:41 GMT",
"OA 411","LGAV","KJFK","Olympic Boeing 747-200","Starwalker 003JX","Aegean Virtual",578,"Approved","120200","Passenger","315","None","Tue, 14 Apr 2026 00:00:00 GMT","Tue, 14 Apr 2026 13:50:01 GMT",
"BW600","TTPP","CYYZ","Caribbean Airlines Boeing 737-8 MAX","Starwalker 069JX","Carribbean Virtual",329,"Approved","0","Passenger","125","None","Tue, 14 Apr 2026 00:00:00 GMT","Tue, 14 Apr 2026 17:19:39 GMT",
"OA 412","KJFK","LGAV","Olympic Boeing 747-200","Starwalker 003JX","Aegean Virtual",520,"Approved","110200","Passenger","315","None","Tue, 14 Apr 2026 00:00:00 GMT","Wed, 15 Apr 2026 13:32:58 GMT",
"JX 26","RCTP","KPHX","Starlux Airbus A350","Starwalker 003JX","Starlux Virtual",693,"Approved","76500","Passenger","315","None","Tue, 14 Apr 2026 00:00:00 GMT","Wed, 15 Apr 2026 13:33:03 GMT",
"KE 26","KMIA","RKSI","Korean Air Boeing 787-9","Starwalker 069JX","Korean Virtual",979,"Approved","0","Passenger","224","None","Wed, 15 Apr 2026 00:00:00 GMT","Thu, 16 Apr 2026 04:32:25 GMT",
"KE 26","KMIA","RKSI","Korean Air Boeing 787-9","Starwalker 069JX","N/A",981,"Approved","0","Passenger","288","None","Thu, 16 Apr 2026 00:00:00 GMT","Thu, 16 Apr 2026 10:54:17 GMT",
"JX 25","KPHX","RCTP","Starlux Airbus A350","Starwalker 003JX","Starlux Virtual",872,"Approved","92500","Passenger","315","None","Thu, 16 Apr 2026 00:00:00 GMT","Thu, 16 Apr 2026 13:45:11 GMT",
"JX771","RCTP","WSSS","Generic Airbus A350-900","Starwalker 075JX","Starlux Virtual",235,"Approved","30000","Passenger","266","None","Thu, 16 Apr 2026 00:00:00 GMT","Thu, 16 Apr 2026 13:52:59 GMT",
"LG6555","ELLX","LIRF","Luxair Bombardier Dash 8-Q400","Starwalker 003JX","Luxair",109,"Approved","1800","Passenger","50","None","Thu, 16 Apr 2026 00:00:00 GMT","Fri, 17 Apr 2026 13:59:22 GMT",
"JX 2","RCTP","KLAX","Starlux Airbus A350","Starwalker 003JX","Starlux Virtual",706,"Approved","76500","Passenger","315","None","Tue, 14 Apr 2026 00:00:00 GMT","Fri, 17 Apr 2026 14:12:18 GMT",
"JX 25","KPHX","RCTP","Starlux Airbus A350","Starwalker 069JX","Starlux Virtual",858,"Approved","0","Passenger","333","None","Sun, 19 Apr 2026 00:00:00 GMT","Sun, 19 Apr 2026 08:46:20 GMT",
"EY 475","WIII","OMAA","Etihad Airways Boeing 787-10","Starwalker 069JX","Etihad",458,"Approved","0","Passenger","250","None","Sun, 19 Apr 2026 00:00:00 GMT","Sun, 19 Apr 2026 17:48:58 GMT",
"JX2","RCTP","KLAX","Generic Airbus A350-900","Starwalker 145JX","Starlux Virtual",614,"Approved","68624","Passenger","306","None","Sun, 19 Apr 2026 00:00:00 GMT","Sun, 19 Apr 2026 21:41:22 GMT",
"JX 1","KLAX","RCTP","Starlux Airbus A350","Starwalker 003JX","Starlux Virtual",843,"Approved","92300","Passenger","315","None","Mon, 20 Apr 2026 00:00:00 GMT","Mon, 20 Apr 2026 15:03:35 GMT",
"QR1395A","OTHH","GMMN","Qatar Airways Airbus A350-900","Starwalker 003JX","Qatar Virtual",464,"Approved","48200","Passenger","315","None","Mon, 20 Apr 2026 00:00:00 GMT","Mon, 20 Apr 2026 15:04:41 GMT",
"SQ 468","WSSS","VBCI","Singapore Airlines Boeing 787-10","Starwalker 069JX","Singapore Virtual",198,"Approved","0","Passenger","440","ROTW(2x)","Mon, 20 Apr 2026 00:00:00 GMT","Mon, 20 Apr 2026 15:42:09 GMT",
"SQ 712","WSSS","VTBS","Singapore Airlines Boeing 787-10","Starwalker 069JX","Singapore Virtual",111,"Approved","91541","Passenger","288","ROTW(2x)","Mon, 20 Apr 2026 00:00:00 GMT","Mon, 20 Apr 2026 18:21:48 GMT",
"AA 61","KDFW","RJAA","American Airlines Boeing 777-200ER","Starwalker 069JX","American Virtual",776,"Approved","0","Passenger","340","ROTW(2x)","Tue, 21 Apr 2026 00:00:00 GMT","Tue, 21 Apr 2026 04:28:11 GMT",
"QR 1396B","GMMN","OTHH","Qatar Airways Airbus A350-900","Starwalker 003JX","Qatar Virtual",401,"Approved","36200","Passenger","315","None","Mon, 20 Apr 2026 00:00:00 GMT","Tue, 21 Apr 2026 05:12:29 GMT",
"JX 32","RCTP","KSEA","Starlux Airbus A350","Starwalker 003JX","Starlux Virtual",622,"Approved","64990","Passenger","315","None","Mon, 20 Apr 2026 00:00:00 GMT","Tue, 21 Apr 2026 05:14:40 GMT",
"JX1","KLAX","RCTP","Generic Airbus A350-900","Starwalker 145JX","Starlux Virtual",777,"Approved","83449","Passenger","288","None","Tue, 21 Apr 2026 00:00:00 GMT","Tue, 21 Apr 2026 18:40:33 GMT",
"JX 31","KSEA","RCTP","Starlux Airbus A350","Starwalker 003JX","N/A",744,"Approved","90500","Passenger","315","None","Wed, 22 Apr 2026 00:00:00 GMT","Wed, 22 Apr 2026 05:47:15 GMT",
"JX 771","RCTP","WSSS","Starlux Airbus A350","Starwalker 003JX","Starlux Virtual",241,"Approved","23500","Passenger","315","None","Wed, 22 Apr 2026 00:00:00 GMT","Wed, 22 Apr 2026 06:39:19 GMT",
"JX 771","RCTP","WSSS","Generic Airbus A350-900","Starwalker 511JX","Starlux Virtual",241,"Approved","23500","Passenger","315","None","Wed, 22 Apr 2026 00:00:00 GMT","Wed, 22 Apr 2026 06:43:28 GMT",
"JX 772","WSSS","RCTP","Starlux Airbus A350","Starwalker 003JX","Starlux Virtual",247,"Approved","23300","Passenger","315","None","Thu, 23 Apr 2026 00:00:00 GMT","Thu, 23 Apr 2026 04:00:09 GMT",
"JX 12","RCTP","KSFO","Starlux Airbus A350","Starwalker 003JX","Starlux Virtual",666,"Approved","66200","Passenger","315","None","Thu, 23 Apr 2026 00:00:00 GMT","Thu, 23 Apr 2026 04:00:52 GMT",
"JX12","RCTP","KSFO","Generic Airbus A350-900","Starwalker 145JX","Starlux Virtual",650,"Approved","61108","Passenger","306","None","Thu, 23 Apr 2026 00:00:00 GMT","Thu, 23 Apr 2026 07:12:53 GMT",
"KE 26","KMIA","RKSI","Korean Air Boeing 787-9","Starwalker 069JX","Korean Virtual",1002,"Approved","0","Passenger","297","None","Thu, 23 Apr 2026 00:00:00 GMT","Thu, 23 Apr 2026 09:49:06 GMT",
"JX772","WSSS","RCTP","Generic Airbus A350-900","Starwalker 075JX","Starlux Virtual",227,"Approved","30000","Passenger","155","None","Thu, 23 Apr 2026 00:00:00 GMT","Thu, 23 Apr 2026 14:00:12 GMT",
"GA 717","YMML","WADD","Garuda Indonesia Airbus A330-300","Starwalker 069JX","Garuda Virtual",305,"Approved","0","Passenger","224","ROTW(2x)","Fri, 24 Apr 2026 00:00:00 GMT","Thu, 23 Apr 2026 19:59:24 GMT",
"JX11","KSFO","RCTP","Starlux Airbus A350","Starwalker 009JX","Starlux Virtual",828,"Approved","61521","Passenger","315","None","Thu, 23 Apr 2026 00:00:00 GMT","Thu, 23 Apr 2026 23:55:10 GMT",
"JX11","KSFO","RCTP","Generic Airbus A350-900","Starwalker 145JX","Starlux Virtual",770,"Approved","83934","Passenger","306","None","Thu, 23 Apr 2026 00:00:00 GMT","Fri, 24 Apr 2026 02:19:38 GMT",
"JX741","RCTP","VTBS","Generic Airbus A350-900","Starwalker 145JX","Starlux Virtual",206,"Approved","18628","Passenger","294","None","Fri, 24 Apr 2026 00:00:00 GMT","Fri, 24 Apr 2026 09:34:54 GMT",
"JX26","RCTP","KPHX","Starlux Airbus A350","Starwalker 001JX","N/A",691,"Approved","123123","Passenger","123","None","Fri, 24 Apr 2026 00:00:00 GMT","Fri, 24 Apr 2026 11:33:31 GMT",
"JX 11","KSFO","RCTP","Starlux Airbus A350","Starwalker 003JX","Starlux Virtual",798,"Approved","85000","Passenger","315","None","Fri, 24 Apr 2026 00:00:00 GMT","Fri, 24 Apr 2026 13:23:41 GMT",
"JX 26","RCTP","KPHX","Starlux Airbus A350","Starwalker 003JX","Starlux Virtual",657,"Approved","69400","Passenger","315","None","Fri, 24 Apr 2026 00:00:00 GMT","Fri, 24 Apr 2026 13:24:27 GMT",
"JX800","RCTP","RJTT","Generic Airbus A350-900","Starwalker 550JX","Starlux Virtual",145,"Approved","11947","Passenger","16908","None","Fri, 24 Apr 2026 00:00:00 GMT","Fri, 24 Apr 2026 13:27:41 GMT","nope"
"JX 25","KPHX","RCTP","Starlux Airbus A350","Starwalker 069JX","Starlux Virtual",880,"Approved","0","Passenger","288","None","Sat, 25 Apr 2026 00:00:00 GMT","Fri, 24 Apr 2026 19:24:54 GMT",
"JX32","RCTP","KSEA","Generic Airbus A350-900","Starwalker 550JX","Starlux Virtual",568,"Approved","58971","Passenger","23893","None","Sat, 25 Apr 2026 00:00:00 GMT","Sat, 25 Apr 2026 01:15:12 GMT","nope"
"JX 771","RCTP","WSSS","Generic Airbus A350-900","Starwalker 511JX","Starlux Virtual",266,"Approved","26410","Passenger","233","None","Sat, 25 Apr 2026 00:00:00 GMT","Sat, 25 Apr 2026 08:19:29 GMT",
"JX 25","KPHX","RCTP","Starlux Airbus A350","Starwalker 003JX","Starlux Virtual",936,"Approved","89200","Passenger","315","None","Sat, 25 Apr 2026 00:00:00 GMT","Sat, 25 Apr 2026 08:55:05 GMT",
"JX771","WSSS","RCTP","Singapore Airlines Airbus A350-900","Starwalker 001JX","Starlux Virtual",269,"Approved","4321","Passenger","432","None","Sat, 25 Apr 2026 00:00:00 GMT","Sat, 25 Apr 2026 11:25:25 GMT",
"KE 26","KMIA","RKSI","Korean Air Boeing 787-9","Starwalker 069JX","Korean Virtual",982,"Approved","0","Passenger","376","None","Sat, 25 Apr 2026 00:00:00 GMT","Sat, 25 Apr 2026 17:08:04 GMT",
"JX742","VTBS","RCTP","Generic Airbus A350-900","Starwalker 145JX","Starlux Virtual",183,"Approved","15816","Passenger","200","None","Sat, 25 Apr 2026 00:00:00 GMT","Sat, 25 Apr 2026 17:40:12 GMT",
"3U 605","ZUCK","YSSY","Sichuan Airlines Airbus A350-900","Starwalker 003JX","Sichuan Virtual",527,"Approved","60300","Passenger","315","None","Sun, 26 Apr 2026 00:00:00 GMT","Sun, 26 Apr 2026 01:13:23 GMT",
"3U605","ZUCK","YSSY","Sichuan Airlines Airbus A350-900","Starwalker 511JX","N/A",551,"Approved","52700","Passenger","315","None","Sun, 26 Apr 2026 00:00:00 GMT","Sun, 26 Apr 2026 01:16:32 GMT",
"JX 1","KLAX","RCTP","Generic Airbus A350-900","Starwalker 550JX","Starlux Virtual",898,"Approved","84265","Passenger","20480","None","Sat, 25 Apr 2026 00:00:00 GMT","Sun, 26 Apr 2026 09:18:08 GMT","Nope "
"JX846","RCTP","RJFT","Generic Airbus A330-900","Starwalker 075JX","Starlux Virtual",103,"Approved","15000","Passenger","133","None","Sun, 26 Apr 2026 00:00:00 GMT","Sun, 26 Apr 2026 09:46:29 GMT",
"JX 550","RJFF","RCTP","Generic Airbus A330-900","Starwalker 550JX","N/A",121,"Approved","4289","Passenger","20321","None","Sun, 26 Apr 2026 00:00:00 GMT","Sun, 26 Apr 2026 11:44:16 GMT","Nope"
"3U 606","YSSY","ZUCK","Sichuan Airlines Airbus A350-900","Starwalker 003JX","Sichuan Virtual",618,"Approved","54100","Passenger","315","None","Sun, 26 Apr 2026 00:00:00 GMT","Sun, 26 Apr 2026 13:26:30 GMT",
"JX771","RCTP","WSSS","Starlux Airlines Airbus A330-900","Starwalker 550JX","Starlux Virtual",252,"Approved","22950","Passenger","22305","None","Mon, 27 Apr 2026 00:00:00 GMT","Mon, 27 Apr 2026 05:40:26 GMT","nope"
"JX850","RCTP","RJCC","Generic Airbus A350-900","Starwalker 145JX","Starlux Virtual",212,"Approved","15609","Passenger","261","None","Mon, 27 Apr 2026 00:00:00 GMT","Mon, 27 Apr 2026 08:04:09 GMT",
"JX 069","RCTP","KJFK","Starlux Airbus A350","Starwalker 069JX","Starlux Virtual",849,"Approved","0","Passenger","250","None","Sun, 26 Apr 2026 00:00:00 GMT","Mon, 27 Apr 2026 11:24:06 GMT",
"JX 069","KJFK","RCTP","Starlux Airbus A350","Starwalker 069JX","Starlux Virtual",981,"Approved","0","Passenger","250","None","Mon, 27 Apr 2026 00:00:00 GMT","Mon, 27 Apr 2026 11:24:10 GMT",
"JX32","RCTP","KSEA","Starlux Airbus A350","Starwalker 069JX","Starlux Virtual",623,"Approved","0","Passenger","250","ROTW(2x)","Sun, 26 Apr 2026 00:00:00 GMT","Mon, 27 Apr 2026 11:24:17 GMT",
"JX 772","WSSS","RCTP","Generic Airbus A350-900","Starwalker 550JX","Starlux Virtual",242,"Approved","21449","Passenger","25004","None","Mon, 27 Apr 2026 00:00:00 GMT","Mon, 27 Apr 2026 11:34:13 GMT","Nope"
"A3 602","LGAV","EGLL","Aegean Airlines - 2020 Airbus A320","Starwalker 069JX","Aegean Virtual",214,"Approved","0","Passenger","125","ROTW(2x)","Mon, 27 Apr 2026 00:00:00 GMT","Mon, 27 Apr 2026 15:35:51 GMT",
"WY171","OOMS","EHAM","Generic Boeing 787-8","Starwalker 003JX","Oman Virtual",435,"Approved","43700","Passenger","240","None","Mon, 27 Apr 2026 00:00:00 GMT","Mon, 27 Apr 2026 15:47:31 GMT",
"JX 2","RCTP","KLAX","Starlux Airbus A350","Starwalker 003JX","Starlux Virtual",718,"Approved","69900","Passenger","315","None","Mon, 27 Apr 2026 00:00:00 GMT","Mon, 27 Apr 2026 15:47:36 GMT",
"BW1500","TTPP","TTCP","Generic Bombardier Dash 8-Q400","Starwalker 511JX","Carribbean Virtual",15,"Approved","310","Passenger","34","ROTW(2x)","Tue, 28 Apr 2026 00:00:00 GMT","Mon, 27 Apr 2026 16:09:54 GMT",
"BW1501","TTCP","TTPP","Generic Bombardier Dash 8-Q400","Starwalker 511JX","Carribbean Virtual",24,"Approved","390","Passenger","42","ROTW(2x)","Tue, 28 Apr 2026 00:00:00 GMT","Mon, 27 Apr 2026 16:12:15 GMT",
"JX851","RJCC","RCTP","Generic Airbus A350-900","Starwalker 145JX","Starlux Virtual",231,"Approved","21205","Passenger","268","None","Mon, 27 Apr 2026 00:00:00 GMT","Mon, 27 Apr 2026 23:16:54 GMT",
"JX1","KLAX","RCTP","Generic Airbus A350-900","Starwalker 550JX","Starlux Virtual",811,"Approved","82692","Passenger","20321","None","Tue, 28 Apr 2026 00:00:00 GMT","Tue, 28 Apr 2026 05:06:36 GMT","Nope"
"KE 26","KMIA","RKSI","Korean Air Boeing 787-9","Starwalker 069JX","Korean Virtual",1010,"Approved","0","Passenger","288","None","Tue, 28 Apr 2026 00:00:00 GMT","Tue, 28 Apr 2026 10:31:59 GMT",
"JX741","RCTP","VTBS","Generic Airbus A350-900","Starwalker 550JX","Starlux Virtual",198,"Approved","19312","Passenger","20797","None","Tue, 28 Apr 2026 00:00:00 GMT","Tue, 28 Apr 2026 12:10:40 GMT","nope"
"JX 1","KLAX","RCTP","Starlux Airbus A350","Starwalker 003JX","Starlux Virtual",814,"Approved","69900","Passenger","315","None","Tue, 28 Apr 2026 00:00:00 GMT","Tue, 28 Apr 2026 12:53:11 GMT",
"AA1476","KSFO","KCLT","American Airlines Airbus A321","Starwalker 069JX","American Virtual",240,"Approved","0","Passenger","196","ROTW(2x)","Tue, 28 Apr 2026 00:00:00 GMT","Tue, 28 Apr 2026 15:34:03 GMT",
"JX 32","RCTP","KSEA","Starlux Airbus A350","Starwalker 003JX","Starlux Virtual",617,"Approved","61200","Passenger","315","ROTW(2x)","Wed, 29 Apr 2026 00:00:00 GMT","Wed, 29 Apr 2026 02:03:49 GMT",
"FJ210","NFFN","NFTF","Fiji Airways Boeing 737-8 MAX","Starwalker 003JX","Fiji Virtual",69,"Approved","2203","Passenger","150","ROTW(2x)","Wed, 29 Apr 2026 00:00:00 GMT","Wed, 29 Apr 2026 03:37:53 GMT",
"JX 32","RCTP","KSEA","Generic Airbus A350-900","Starwalker 511JX","Starlux Virtual",612,"Approved","62312","Passenger","269","ROTW(2x)","Wed, 29 Apr 2026 00:00:00 GMT","Wed, 29 Apr 2026 04:00:40 GMT",
"FJ211","NFTF","NFFN","Fiji Airways Boeing 737-8 MAX","Starwalker 003JX","Fiji Virtual",78,"Approved","2599","Passenger","150","ROTW(2x)","Wed, 29 Apr 2026 00:00:00 GMT","Wed, 29 Apr 2026 05:14:44 GMT",
"JX32","RCTP","KSEA","Starlux Airlines Airbus A330-900","Starwalker 115JX","Starlux Virtual",578,"Approved","69423","Passenger","76","None","Sat, 25 Apr 2026 00:00:00 GMT","Wed, 29 Apr 2026 05:36:14 GMT",
"JX31","KSEA","RCTP","Starlux Airbus A350","Starwalker 115JX","Starlux Virtual",706,"Approved","72216","Passenger","87","None","Sat, 25 Apr 2026 00:00:00 GMT","Wed, 29 Apr 2026 05:37:20 GMT",
"JX12","RCTP","KSFO","Starlux Airbus A350","Starwalker 115JX","Starlux Virtual",650,"Approved","63989","Passenger","78","None","Sun, 26 Apr 2026 00:00:00 GMT","Wed, 29 Apr 2026 05:39:05 GMT",
"JX11","KSFO","RCTP","Starlux Airbus A350","Starwalker 115JX","Starlux Virtual",754,"Approved","82728","Passenger","96","None","Sun, 26 Apr 2026 00:00:00 GMT","Wed, 29 Apr 2026 05:40:41 GMT",
"JX2","RCTP","KLAX","Starlux Airbus A350","Starwalker 115JX","Starlux Virtual",647,"Approved","62147","Passenger","75","None","Mon, 27 Apr 2026 00:00:00 GMT","Wed, 29 Apr 2026 05:42:15 GMT",
"JX1","KLAX","RCTP","Starlux Airbus A350","Starwalker 115JX","Starlux Virtual",801,"Approved","82660","Passenger","96","None","Tue, 28 Apr 2026 00:00:00 GMT","Wed, 29 Apr 2026 05:43:49 GMT",
"JX711","RCTP","VVTS","Generic Airbus A350-900","Starwalker 550JX","Starlux Virtual",189,"Approved","18287","Passenger","20321","None","Wed, 29 Apr 2026 00:00:00 GMT","Wed, 29 Apr 2026 06:41:00 GMT","Npoe"
"JX32","RCTP","KSEA","Starlux Airbus A350","Starwalker 069JX","Starlux Virtual",630,"Approved","0","Passenger","297","ROTW(2x)","Wed, 29 Apr 2026 00:00:00 GMT","Wed, 29 Apr 2026 18:26:37 GMT",
"JX 31","KSEA","RCTP","Starlux Airbus A350","Starwalker 003JX","Starlux Virtual",797,"Approved","76300","Passenger","305","ROTW(2x)","Thu, 30 Apr 2026 00:00:00 GMT","Thu, 30 Apr 2026 01:45:42 GMT",
"JX 233","RCTP","VHHH","Generic Airbus A350-900","Starwalker 511JX","N/A",76,"Approved","6814","Passenger","241","ROTW(2x)","Thu, 30 Apr 2026 00:00:00 GMT","Thu, 30 Apr 2026 03:31:10 GMT",
"JX 233","RCTP","VHHH","Starlux Airbus A350","Starwalker 003JX","Starlux Virtual",82,"Approved","5900","Passenger","241","ROTW(2x)","Thu, 30 Apr 2026 00:00:00 GMT","Thu, 30 Apr 2026 03:34:49 GMT",
"JX 234","VHHH","RCTP","Starlux Airbus A350","Starwalker 003JX","Starlux Virtual",70,"Approved","5400","Passenger","305","ROTW(2x)","Thu, 30 Apr 2026 00:00:00 GMT","Thu, 30 Apr 2026 06:50:14 GMT",
"JX32","RCTP","KSEA","Starlux Airbus A350","Starwalker 115JX","Starlux Virtual",578,"Approved","56605","Passenger","75","None","Sat, 25 Apr 2026 00:00:00 GMT","Thu, 30 Apr 2026 07:36:05 GMT","PIREP Resubmit with the correct aircraft"
"JX26","RCTP","KPHX","Starlux Airbus A350","Starwalker 115JX","Starlux Virtual",719,"Approved","65913","Passenger","78","None","Wed, 29 Apr 2026 00:00:00 GMT","Thu, 30 Apr 2026 07:40:07 GMT",
"JX25","KPHX","RCTP","Starlux Airbus A350","Starwalker 115JX","Starlux Virtual",826,"Approved","87446","Passenger","94","None","Wed, 29 Apr 2026 00:00:00 GMT","Thu, 30 Apr 2026 07:41:39 GMT",
"JX 069","KJFK","RCTP","Starlux Airbus A350","Starwalker 069JX","Starlux Virtual",1009,"Approved","0","Passenger","224","None","Thu, 30 Apr 2026 00:00:00 GMT","Thu, 30 Apr 2026 11:28:26 GMT",
"A3602","LGAV","EGLL","Aegean Airlines - 2020 Airbus A320","Starwalker 003JX","Aegean Virtual",222,"Approved","8900","Passenger","150","ROTW(2x)","Thu, 30 Apr 2026 00:00:00 GMT","Thu, 30 Apr 2026 15:55:24 GMT",
"A3601","EGLL","LGAV","Aegean Airlines - 2020 Airbus A320","Starwalker 003JX","Aegean Virtual",193,"Approved","8100","Passenger","150","ROTW(2x)","Thu, 30 Apr 2026 00:00:00 GMT","Thu, 30 Apr 2026 15:56:23 GMT",
"JX802","RCTP","RJAA","Starlux Airlines Airbus A330-900","Starwalker 004JX","Starlux Virtual",167,"Approved","2834","Passenger","285","None","Fri, 01 May 2026 00:00:00 GMT","Fri, 01 May 2026 06:28:16 GMT",
"JX 26","RCTP","KPHX","Starlux Airbus A350","Starwalker 003JX","Starlux Virtual",745,"Approved","69900","Passenger","305","None","Fri, 01 May 2026 00:00:00 GMT","Fri, 01 May 2026 07:55:52 GMT",
"JX 25","KPHX","RCTP","Starlux Airbus A350","Starwalker 003JX","Starlux Virtual",924,"Approved","93200","Passenger","305","None","Fri, 01 May 2026 00:00:00 GMT","Sat, 02 May 2026 02:07:40 GMT",
"A3 958","LGAV","OMDB","Aegean Airlines - 2020 Airbus A320","Starwalker 003JX","Aegean Virtual",282,"Approved","11100","Passenger","130","None","Sat, 02 May 2026 00:00:00 GMT","Sat, 02 May 2026 08:31:27 GMT",
"A3 959","OMDB","LGAV","Aegean Airlines - 2020 Airbus A320","Starwalker 003JX","Aegean Virtual",318,"Approved","13700","Passenger","130","None","Sat, 02 May 2026 00:00:00 GMT","Sat, 02 May 2026 13:40:40 GMT",
"JX 26","RCTP","KPHX","Starlux Airbus A350","Starwalker 003JX","Starlux Virtual",719,"Approved","79200","Passenger","305","None","Sun, 03 May 2026 00:00:00 GMT","Sun, 03 May 2026 12:59:47 GMT",
"STARWALKER 115JX","RCTP","LFBO","Starlux Airbus A350","Starwalker 115JX","Starlux Virtual",849,"Denied","20192","Passenger","259","None","Fri, 01 May 2026 00:00:00 GMT","Sun, 03 May 2026 16:15:21 GMT",
"STARWALKER 115JX","LFBO","RCTP","Starlux Airlines Airbus A330-900","Starwalker 115JX","Starlux Virtual",729,"Denied","74165","Passenger","297","None","Fri, 01 May 2026 00:00:00 GMT","Sun, 03 May 2026 16:16:48 GMT",
"JX10","RCTP","KONT","Starlux Airbus A350","Starwalker 115JX","Starlux Virtual",682,"Approved","70113","Passenger","315","None","Sat, 02 May 2026 00:00:00 GMT","Sun, 03 May 2026 16:57:37 GMT",
"JX9","KONT","RCTP","Starlux Airbus A350","Starwalker 115JX","Starlux Virtual",796,"Approved","80690","Passenger","238","None","Sun, 03 May 2026 00:00:00 GMT","Sun, 03 May 2026 19:43:50 GMT",
"AA61","KDFW","RJAA","American Airlines Boeing 777-200ER","Starwalker 499JX","American Virtual",766,"Denied","86142","Passenger","320","None","Mon, 04 May 2026 00:00:00 GMT","Mon, 04 May 2026 00:03:10 GMT","Thank You!"
"JX 25","KPHX","RCTP","Starlux Airbus A350","Starwalker 003JX","Starlux Virtual",976,"Approved","92000","Passenger","305","None","Mon, 04 May 2026 00:00:00 GMT","Mon, 04 May 2026 09:38:21 GMT",
"JX 205","RCTP","VMMC","Starlux Airlines Airbus A330-900","Starwalker 003JX","Starlux Virtual",87,"Approved","7500","Passenger","290","None","Mon, 04 May 2026 00:00:00 GMT","Mon, 04 May 2026 13:42:45 GMT",
"JX 206","VMMC","RCTP","Starlux Airlines Airbus A330-900","Starwalker 003JX","Starlux Virtual",67,"Approved","5300","Passenger","297","None","Mon, 04 May 2026 00:00:00 GMT","Mon, 04 May 2026 15:12:38 GMT",
"STARWALKER 115JX","RCTP","EGLL","Starlux Airbus A350","Starwalker 115JX","Starlux Virtual",872,"Approved","90345","Passenger","252","None","Mon, 04 May 2026 00:00:00 GMT","Mon, 04 May 2026 16:49:09 GMT",
"KE 185","RKSI","RCTP","Korean Air Airbus A380","Starwalker 003JX","Korean Virtual",121,"Approved","21699","Passenger","350","None","Mon, 04 May 2026 00:00:00 GMT","Tue, 05 May 2026 07:34:12 GMT",
"KE 186","RCTP","RKSI","Korean Air Airbus A380","Starwalker 003JX","Korean Virtual",103,"Approved","17500","Passenger","350","None","Tue, 05 May 2026 00:00:00 GMT","Tue, 05 May 2026 09:51:11 GMT",
"JX520","RCTP ","KONT","Starlux Airbus A350","Starwalker 520JX","Starlux Virtual",672,"Approved","60175","Passenger","287","None","Sun, 03 May 2026 00:00:00 GMT","Tue, 05 May 2026 12:09:49 GMT","IFATC featured airport "
"JX520","KONT","RCTP VIA KLAX","Starlux Airbus A350","Starwalker 520JX","Starlux Virtual",827,"Approved","74921","Passenger","346","None","Sun, 03 May 2026 00:00:00 GMT","Tue, 05 May 2026 12:16:26 GMT","IFATC featured airport "
"STARWALKER 115JX","EGLL","RCTP","Starlux Airbus A350","Starwalker 115JX","Starlux Virtual",747,"Approved","75616","Passenger","308","None","Tue, 05 May 2026 00:00:00 GMT","Tue, 05 May 2026 16:20:38 GMT",
"STARWALKER 003JX","RCTP","LFMN","Starlux Airbus A350","Starwalker 003JX","Starlux Virtual",859,"Approved","87900","Passenger","305","None","Wed, 06 May 2026 00:00:00 GMT","Wed, 06 May 2026 07:26:57 GMT","Personal Route"
"JX26","RCTP","KPHX","Starlux Airbus A350","Starwalker 115JX","Starlux Virtual",708,"Approved","71062","Passenger","314","None","Wed, 06 May 2026 00:00:00 GMT","Wed, 06 May 2026 18:10:23 GMT",
"STARWALKER 003JX","LFMN","RCTP","Starlux Airbus A350","Starwalker 003JX","Starlux Virtual",678,"Approved","76800","Passenger","305","None","Wed, 06 May 2026 00:00:00 GMT","Thu, 07 May 2026 07:59:23 GMT","Personal Route"
"QR 779","OTHH","SBGR","Qatar Airways Boeing 777-200LR","Starwalker 003JX","Qatar Virtual",970,"Approved","129420","Passenger","250","None","Thu, 07 May 2026 00:00:00 GMT","Thu, 07 May 2026 08:04:20 GMT",
"JX25","KPHX","RCTP","Starlux Airbus A350","Starwalker 115JX","Starlux Virtual",780,"Approved","83616","Passenger","291","None","Thu, 07 May 2026 00:00:00 GMT","Thu, 07 May 2026 17:55:00 GMT",
"QR 780","SBGR","OTHH","Qatar Airways Boeing 777-200LR","Starwalker 003JX","Qatar Virtual",770,"Approved","118899","Passenger","250","None","Fri, 08 May 2026 00:00:00 GMT","Fri, 08 May 2026 05:50:27 GMT",
"JX 2","RCTP","KLAX","Starlux Airbus A350","Starwalker 003JX","Starlux Virtual",714,"Approved","69900","Passenger","305","None","Sat, 09 May 2026 00:00:00 GMT","Sat, 09 May 2026 10:13:14 GMT","Personal Route"
"JX 1","KLAX","RCTP","Starlux Airbus A350","Starwalker 003JX","Starlux Virtual",796,"Approved","91300","Passenger","305","None","Sat, 09 May 2026 00:00:00 GMT","Sat, 09 May 2026 10:14:38 GMT",
"JX847","RJFT","RCTP","Starlux Airlines Airbus A330-900","Starwalker 075JX","Starlux Virtual",135,"Approved","10000","Passenger","109","None","Sat, 09 May 2026 00:00:00 GMT","Sat, 09 May 2026 12:11:58 GMT",
"JX12","RCTP","KSFO","Starlux Airbus A350","Starwalker 002JX","N/A",642,"Approved","50405","Passenger","281","None","Sun, 10 May 2026 00:00:00 GMT","Sun, 10 May 2026 03:31:41 GMT",
"EY123","OMAA","KMIA","Etihad Airways Airbus A380","Starwalker 001JX","Starlux Virtual",882,"Approved","123","Passenger","123","None","Sun, 10 May 2026 00:00:00 GMT","Sun, 10 May 2026 06:34:48 GMT","test"
"JX 003","RCTP","LKPR","Starlux Airbus A350","Starwalker 003JX","Starlux Virtual",785,"Approved","87200","Passenger","305","Haedus Program (1.3x)","Sun, 10 May 2026 00:00:00 GMT","Sun, 10 May 2026 09:28:41 GMT",
"WY201","OOMS","VABB","Oman Air Boeing 737-8 MAX","Starwalker 001JX","Oman Virtual",158,"Approved","123","Passenger","123","None","Sun, 10 May 2026 00:00:00 GMT","Sun, 10 May 2026 10:01:34 GMT",
"LG8361","ELLX","LSGG","Luxair Bombardier Dash 8-Q400","Starwalker 001JX","N/A",52,"Approved","123","Passenger","123","None","Sun, 10 May 2026 00:00:00 GMT","Sun, 10 May 2026 11:54:17 GMT",
"LG8243","ELLX","LFMN","Luxair Boeing 737-700","Starwalker 001JX","N/A",73,"Approved","123","Passenger","123","None","Sun, 10 May 2026 00:00:00 GMT","Sun, 10 May 2026 13:33:26 GMT",
"JX 003","LKPR","RCTP","Starlux Airbus A350","Starwalker 003JX","Starlux Virtual",684,"Approved","68798","Passenger","305","Haedus Program (1.3x)","Sun, 10 May 2026 00:00:00 GMT","Sun, 10 May 2026 14:19:34 GMT","Imaginary Route"
"KE972","EIDW","RKSI","Korean Air Boeing 777-300ER","Starwalker 001JX","Korean Virtual",780,"Approved","123","Passenger","123","None","Mon, 11 May 2026 00:00:00 GMT","Mon, 11 May 2026 00:15:56 GMT",
"AA705","EDDF","KCLT","American Airlines Boeing 777-200ER","Starwalker 008JX","American Virtual",481,"Approved","55884","Passenger","324","IF48(1.5x)","Mon, 11 May 2026 00:00:00 GMT","Mon, 11 May 2026 10:46:47 GMT",
"LA8058","SBGR","FAOR","LATAM Boeing 787-9","Starwalker 001JX","N/A",598,"Approved","123","Passenger","123","None","Mon, 11 May 2026 00:00:00 GMT","Mon, 11 May 2026 12:29:31 GMT",
"KE 901","RKSI","LFPG","Korean Air Airbus A380","Starwalker 003JX","Korean Virtual",793,"Approved","166010","Passenger","350","Haedus Program (1.3x)","Tue, 12 May 2026 00:00:00 GMT","Mon, 11 May 2026 16:53:06 GMT",
"KE 902","LFPG","RKSI","Korean Air Airbus A380","Starwalker 003JX","Korean Virtual",700,"Approved","146858","Passenger","350","Haedus Program (1.3x)","Tue, 12 May 2026 00:00:00 GMT","Mon, 11 May 2026 16:53:15 GMT",
"JX711","RCTP","VVTS","Starlux Airbus A350","Starwalker 115JX","Starlux Virtual",174,"Approved","16303","Passenger","202","ILLYRIAN Program (1.6x)","Mon, 11 May 2026 00:00:00 GMT","Mon, 11 May 2026 17:19:18 GMT",
"JX712","VVTS","RCTP","Starlux Airbus A350","Starwalker 115JX","Starlux Virtual",170,"Approved","15900","Passenger","315","ILLYRIAN Program (1.6x)","Tue, 12 May 2026 00:00:00 GMT","Mon, 11 May 2026 17:20:53 GMT",
"AA1390","KAUS","KDFW","Generic Boeing 737-800","Starwalker 008JX","American Virtual",30,"Approved","2162","Passenger","110","None","Mon, 11 May 2026 00:00:00 GMT","Mon, 11 May 2026 20:52:53 GMT",
"JX 26","RCTP","KPHX","Starlux Airbus A350","Starwalker 003JX","Starlux Virtual",729,"Approved","74333","Passenger","305","Haedus Program (1.3x)","Tue, 12 May 2026 00:00:00 GMT","Tue, 12 May 2026 04:53:09 GMT",
"JX32","RCTP","KSEA","Starlux Airbus A350","Starwalker 115JX","Starlux Virtual",616,"Approved","59239","Passenger","314","ILLYRIAN Program (1.6x)","Tue, 12 May 2026 00:00:00 GMT","Tue, 12 May 2026 05:09:20 GMT",
"AA61","KDFW","RJAA","American Airlines Boeing 777-200ER","Starwalker 008JX","American Virtual",707,"Approved","90557","Passenger","330","None","Tue, 12 May 2026 00:00:00 GMT","Tue, 12 May 2026 10:48:08 GMT",
"OA411","LGAV","KJFK","Olympic Boeing 747-200","Starwalker 001JX","Aegean Virtual",631,"Approved","123","Passenger","123","None","Tue, 12 May 2026 00:00:00 GMT","Tue, 12 May 2026 11:13:35 GMT",
"JX31","KSEA","RCTP","Starlux Airbus A350","Starwalker 115JX","Starlux Virtual",678,"Approved","67403","Passenger","283","ILLYRIAN Program (1.6x)","Tue, 12 May 2026 00:00:00 GMT","Tue, 12 May 2026 17:06:51 GMT",
"JX 25","KPHX","RCTP","Starlux Airbus A350","Starwalker 003JX","Starlux Virtual",765,"Approved","85200","Passenger","305","Haedus Program (1.3x)","Wed, 13 May 2026 00:00:00 GMT","Wed, 13 May 2026 00:33:11 GMT",
"FJ 910","NFFN","YSSY","Fiji Airways Airbus A350-900","Starwalker 003JX","Fiji Virtual",247,"Approved","24200","Passenger","305","Haedus Program (1.3x)","Wed, 13 May 2026 00:00:00 GMT","Wed, 13 May 2026 13:19:04 GMT",
"FJ 911","YSSY","NFFN","Fiji Airways Airbus A350-900","Starwalker 003JX","Fiji Virtual",222,"Approved","19600","Passenger","305","Haedus Program (1.3x)","Wed, 13 May 2026 00:00:00 GMT","Wed, 13 May 2026 13:20:25 GMT",
"JX 783","RCTP","RPVM","Starlux Airlines Airbus A330-900","Starwalker 003JX","Starlux Virtual",105,"Approved","9800","Passenger","289","Haedus Program (1.3x)","Wed, 13 May 2026 00:00:00 GMT","Wed, 13 May 2026 15:40:13 GMT",
"JX 784","RPVM","RCTP","Starlux Airlines Airbus A330-900","Starwalker 003JX","Starlux Virtual",132,"Approved","9900","Passenger","290","Haedus Program (1.3x)","Wed, 13 May 2026 00:00:00 GMT","Wed, 13 May 2026 15:41:53 GMT",
"520JX","RCTP ","YMML","Starlux Airbus A350","Starwalker 520JX","Starlux Virtual",497,"Approved","44139","Passenger","306","None","Wed, 13 May 2026 00:00:00 GMT","Thu, 14 May 2026 00:50:37 GMT","Illyrian program/IFATC featured airport "
"JX520","YMML","RCTP","Starlux Airbus A350","Starwalker 520JX","Starlux Virtual",557,"Approved","48629","Passenger","306","None","Wed, 13 May 2026 00:00:00 GMT","Thu, 14 May 2026 06:18:54 GMT","Illyrian program/IFATC featured airport "
"TEST ","TEST","TEST","Fiji Airways Airbus A350-900","Starwalker 003JX","Fiji Virtual",0,"Approved","1","Passenger","0","None","Thu, 14 May 2026 00:00:00 GMT","Thu, 14 May 2026 08:05:14 GMT",
"TEST","TEST","TEST","China Southern Cargo Boeing 777F","Starwalker 003JX","China Southern Virtual",0,"Approved","-2","Passenger","0","None","Thu, 14 May 2026 00:00:00 GMT","Thu, 14 May 2026 08:10:05 GMT",
"CZ 473A","ZGGG","PANC","China Southern Cargo Boeing 777F","Starwalker 003JX","China Southern Virtual",624,"Approved","86807","Cargo","91475","Haedus Program (1.3x)","Fri, 15 May 2026 00:00:00 GMT","Thu, 14 May 2026 17:53:24 GMT",
"CZ 473B","PANC","KLAX","China Southern Cargo Boeing 777F","Starwalker 003JX","China Southern Virtual",282,"Approved","31500","Cargo","90775","Haedus Program (1.3x)","Fri, 15 May 2026 00:00:00 GMT","Thu, 14 May 2026 17:55:13 GMT",
"CZ 477A","KLAX","PANC","China Southern Cargo Boeing 777F","Starwalker 003JX","China Southern Virtual",266,"Approved","37000","Cargo","96775","Haedus Program (1.3x)","Sat, 16 May 2026 00:00:00 GMT","Sat, 16 May 2026 02:47:08 GMT",
" CZ 477B","PANC","ZGGG","China Southern Cargo Boeing 777F","Starwalker 003JX","China Southern Virtual",557,"Approved","78100","Passenger","3","Haedus Program (1.3x)","Sat, 16 May 2026 00:00:00 GMT","Sat, 16 May 2026 02:49:25 GMT",
"008","RCTP","VHHH","Starlux Airbus A350","Starwalker 008JX","Starlux Virtual",74,"Approved","6171","Passenger","278","Event(5x)","Sat, 16 May 2026 00:00:00 GMT","Sat, 16 May 2026 14:30:07 GMT",
"JX233","RCTP","VHHH","Starlux Airbus A350","Starwalker 001JX","N/A",74,"Approved","123123","Passenger","123123","Event(5x)","Sat, 16 May 2026 00:00:00 GMT","Sat, 16 May 2026 14:30:53 GMT",
"JX711","RCTP","VVTS","Starlux Airbus A350","Starwalker 006JX","Starlux Virtual",159,"Approved","15946","Passenger","315","ROTW(2x)","Sat, 16 May 2026 00:00:00 GMT","Sat, 16 May 2026 16:18:19 GMT",
"JX32","KSEA","RCTP","Starlux Airbus A350","Starwalker 001JX","N/A",669,"Approved","12","Passenger","3123","None","Sun, 17 May 2026 00:00:00 GMT","Sun, 17 May 2026 12:23:57 GMT",
"CZ 453","ZSPD","EHAM","China Southern Cargo Boeing 777F","Starwalker 003JX","China Southern Virtual",763,"Approved","113097","Cargo","69704","Haedus Program (1.3x)","Sun, 17 May 2026 00:00:00 GMT","Sun, 17 May 2026 13:56:35 GMT",
"CZ 452H","EHAM","LOWW","China Southern Cargo Boeing 777F","Starwalker 003JX","China Southern Virtual",81,"Approved","10867","Cargo","83999","Haedus Program (1.3x)","Sun, 17 May 2026 00:00:00 GMT","Sun, 17 May 2026 14:00:33 GMT",
"JX101","RCTP","LKPR","Starlux Airbus A350","Starwalker 115JX","Starlux Virtual",753,"Approved","81102","Passenger","309","ILLYRIAN Program (1.6x)","Sun, 17 May 2026 00:00:00 GMT","Sun, 17 May 2026 15:45:33 GMT",
"CZ 452H","LOWW","ZSPD","China Southern Cargo Boeing 777F","Starwalker 003JX","China Southern Virtual",663,"Approved","93368","Cargo","84900","Haedus Program (1.3x)","Mon, 18 May 2026 00:00:00 GMT","Mon, 18 May 2026 05:12:53 GMT",
"JX102","LKPR","RCTP","Starlux Airbus A350","Starwalker 115JX","Starlux Virtual",671,"Approved","70031","Passenger","286","ILLYRIAN Program (1.6x)","Sun, 17 May 2026 00:00:00 GMT","Mon, 18 May 2026 09:26:12 GMT",
"JX31","KSEA","RCTP","Starlux Airbus A350","Starwalker 001JX","N/A",713,"Approved","123","Passenger","123","None","Mon, 18 May 2026 00:00:00 GMT","Mon, 18 May 2026 14:09:23 GMT",
"JX 840","RCTP","RJFF","Starlux Airlines Airbus A330-900","Starwalker 003JX","Starlux Virtual",111,"Approved","8885","Passenger","290","Haedus Program (1.3x)","Mon, 18 May 2026 00:00:00 GMT","Mon, 18 May 2026 15:33:55 GMT",
"JX 841","RJFF","RCTP","Starlux Airlines Airbus A330-900","Starwalker 003JX","Starlux Virtual",107,"Approved","7913","Passenger","290","Haedus Program (1.3x)","Mon, 18 May 2026 00:00:00 GMT","Mon, 18 May 2026 15:35:02 GMT",
"HO1656","YMML","ZSPD","Juneyao Air Boeing 787-9","Starwalker 004JX","N/A",645,"Approved","2549","Passenger","279","None","Tue, 19 May 2026 00:00:00 GMT","Tue, 19 May 2026 13:24:25 GMT",
"JX 2","RCTP","KLAX","Starlux Airbus A350","Starwalker 003JX","Starlux Virtual",759,"Approved","65775","Passenger","305","Haedus Program (1.3x)","Tue, 19 May 2026 00:00:00 GMT","Tue, 19 May 2026 16:17:47 GMT",
"JX 1","KLAX","RCTP","Starlux Airbus A350","Starwalker 003JX","Starlux Virtual",815,"Approved","77018","Passenger","305","Haedus Program (1.3x)","Wed, 20 May 2026 00:00:00 GMT","Tue, 19 May 2026 16:44:03 GMT",
"JX 003","RCTP","EDDM","Starlux Airbus A350","Starwalker 003JX","Starlux Virtual",722,"Approved","74433","Passenger","305","Haedus Program (1.3x)","Wed, 20 May 2026 00:00:00 GMT","Wed, 20 May 2026 05:15:00 GMT","Imaginary Route"
"HU747","ZJHK","WSSS","Hainan Airlines Boeing 737-800","Starwalker 003JX","Hainan Virtual",167,"Approved","8577","Passenger","150","Haedus Program (1.3x)","Wed, 20 May 2026 00:00:00 GMT","Thu, 21 May 2026 05:14:08 GMT",
"HU748","WSSS","ZJHK","Hainan Airlines Boeing 737-800","Starwalker 003JX","Hainan Virtual",176,"Approved","9882","Passenger","150","Haedus Program (1.3x)","Wed, 20 May 2026 00:00:00 GMT","Thu, 21 May 2026 05:15:23 GMT",
"JX 003","RCTP","LKPR","Starlux Airbus A350","Starwalker 003JX","Starlux Virtual",741,"Approved","72632","Passenger","305","Haedus Program (1.3x)","Thu, 21 May 2026 00:00:00 GMT","Thu, 21 May 2026 05:16:29 GMT",
"AQ1184A","ZBHH","ZHCC","Generic Boeing 737-8 MAX","Starwalker 004JX","Juneyao Air Virtual",56,"Approved","975","Passenger","156","None","Thu, 21 May 2026 00:00:00 GMT","Thu, 21 May 2026 10:53:47 GMT",
"AQ1184B","ZHCC","ZGGG","Generic Boeing 737-8 MAX","Starwalker 004JX","Juneyao Air Virtual",113,"Approved","1218","Passenger","144","None","Thu, 21 May 2026 00:00:00 GMT","Fri, 22 May 2026 10:39:56 GMT",
"JX 003","LKPR","RCTP","Starlux Airbus A350","Starwalker 003JX","Starlux Virtual",718,"Approved","66057","Passenger","305","Haedus Program (1.3x)","Fri, 22 May 2026 00:00:00 GMT","Fri, 22 May 2026 21:44:57 GMT",
"JX840","RCTP","RJFF","Starlux Airlines Airbus A330-900","Starwalker 145JX","Starlux Virtual",121,"Approved","8938","Passenger","243","None","Sun, 24 May 2026 00:00:00 GMT","Sun, 24 May 2026 05:52:32 GMT",
"CZ 301","ZGGG","YSSY","China Southern Airbus A350-900","Starwalker 003JX","China Southern Virtual",516,"Approved","42457","Passenger","305","Haedus Program (1.3x)","Mon, 25 May 2026 00:00:00 GMT","Mon, 25 May 2026 05:49:12 GMT",
"CZ 302","YSSY","ZGGG","China Southern Airbus A350-900","Starwalker 003JX","China Southern Virtual",646,"Approved","57263","Passenger","305","Haedus Program (1.3x)","Tue, 26 May 2026 00:00:00 GMT","Mon, 25 May 2026 16:28:25 GMT",
"FJ 880","NFFN","CYVR","Fiji Airways Airbus A330-300","Starwalker 003JX","Fiji Virtual",595,"Approved","67565","Passenger","280","Haedus Program (1.3x)","Tue, 26 May 2026 00:00:00 GMT","Tue, 26 May 2026 15:15:52 GMT",
"FJ 881","CYVR","NFFN","Fiji Airways Airbus A330-300","Starwalker 003JX","Fiji Virtual",673,"Approved","69336","Passenger","300","Haedus Program (1.3x)","Tue, 26 May 2026 00:00:00 GMT","Tue, 26 May 2026 15:16:36 GMT",
"JX841","RJFF","RCTP","Starlux Airlines Airbus A330-900","Starwalker 145JX","Starlux Virtual",102,"Approved","8300","Passenger","179","None","Tue, 26 May 2026 00:00:00 GMT","Wed, 27 May 2026 03:20:53 GMT",
"JX 25","RCTP","KPHX","Starlux Airbus A350","Starwalker 003JX","Starlux Virtual",776,"Approved","66928","Passenger","305","Haedus Program (1.3x)","Wed, 27 May 2026 00:00:00 GMT","Wed, 27 May 2026 08:07:39 GMT",
"AA 2234","KPHX","KSFO","Generic Airbus A320","Starwalker 003JX","American Virtual",94,"Approved","3900","Passenger","150","Haedus Program (1.3x)","Wed, 27 May 2026 00:00:00 GMT","Wed, 27 May 2026 08:09:29 GMT",
"JX11","KSFO","RCTP","Generic Airbus A350-900","Starwalker 126JX","N/A",763,"Approved","73842","Passenger","272","None","Thu, 28 May 2026 00:00:00 GMT","Wed, 27 May 2026 21:05:25 GMT","A350 - Starlux (Can't pick for some reason?)"
"AA 2249","KSFO","KPHX","Generic Airbus A320","Starwalker 003JX","American Virtual",79,"Approved","3722","Passenger","150","Haedus Program (1.3x)","Wed, 27 May 2026 00:00:00 GMT","Thu, 28 May 2026 02:23:36 GMT",
"test","RCTP","RCTP","Starlux Airbus A350","Starwalker 003JX","Starlux Virtual",0,"Approved","77600","Passenger","305","Haedus Program (1.3x)","Thu, 28 May 2026 00:00:00 GMT","Thu, 28 May 2026 04:24:51 GMT",
"JX 26","KPHX","RCTP","Starlux Airbus A350","Starwalker 003JX","Starlux Virtual",845,"Approved","77600","Passenger","305","Haedus Program (1.3x)","Thu, 28 May 2026 00:00:00 GMT","Thu, 28 May 2026 04:35:03 GMT",
"JX1","KLAX","RCTP","Starlux Airbus A350","Starwalker 115JX","Starlux Virtual",761,"Approved","81474","Passenger","315","ILLYRIAN Program (1.6x)","Thu, 28 May 2026 00:00:00 GMT","Thu, 28 May 2026 17:13:18 GMT",
"JX772","WSSS","RCTP","Starlux Airbus A350","Starwalker 004JX","Starlux Virtual",254,"Approved","2342","Passenger","278","None","Fri, 29 May 2026 00:00:00 GMT","Fri, 29 May 2026 12:13:50 GMT",
"HO 1607","ZSPD","EFHK","Hainan Airlines Boeing 787-9","Starwalker 003JX","Juneyao Air Virtual",511,"Approved","48002","Passenger","300","Haedus Program (1.3x)","Fri, 29 May 2026 00:00:00 GMT","Fri, 29 May 2026 13:42:52 GMT",
"JX850","RCTP","RJCC","Starlux Airbus A350","Starwalker 279JX","Starlux Virtual",191,"Approved","18000","Passenger","315","IF48(1.5x)","Fri, 29 May 2026 00:00:00 GMT","Fri, 29 May 2026 16:46:23 GMT","First flight with STARLUX 🥳"
"JX772","WSSS","RCTP","Generic Airbus A350-900","Starwalker 145JX","Starlux Virtual",284,"Approved","23061","Passenger","258","None","Fri, 29 May 2026 00:00:00 GMT","Sat, 30 May 2026 00:38:43 GMT",
"JX2 ","RCTP","KLAX","Starlux Airbus A350","Starwalker 004JX","Starlux Virtual",760,"Approved","6554","Passenger","264","Event(5x)","Sat, 30 May 2026 00:00:00 GMT","Sat, 30 May 2026 01:18:23 GMT",
"JX 2","RCTP","KLAX","Generic Airbus A350-900","Starwalker 511JX","Starlux Virtual",767,"Approved","67410","Passenger","305","Event(5x)","Sat, 30 May 2026 00:00:00 GMT","Sat, 30 May 2026 01:32:30 GMT",
"JX 2","RCTP","KLAX","Starlux Airbus A350","Starwalker 003JX","Starlux Virtual",760,"Approved","67399","Passenger","305","Event(5x)","Sat, 30 May 2026 00:00:00 GMT","Sat, 30 May 2026 02:06:28 GMT",
"SQ388","WSSS","LEBL","Singapore Airlines Airbus A350-900","Starwalker 279JX","Starlux Virtual",820,"Approved","85485","Passenger","306","IF48(1.5x)","Fri, 29 May 2026 00:00:00 GMT","Sat, 30 May 2026 08:48:50 GMT","ROTW"
"JX840","RCTP","RJFF","Starlux Airlines Airbus A330-900","Starwalker 279JX","N/A",114,"Approved","10234","Passenger","322","IF48(1.5x)","Sat, 30 May 2026 00:00:00 GMT","Sat, 30 May 2026 11:05:00 GMT","ROTW"
"JBU919","KJFK","KDTW","JetBlue Airbus A320","Starwalker 279JX","Starlux Virtual",94,"Approved","4164","Passenger","126","IF48(1.5x)","Sat, 30 May 2026 00:00:00 GMT","Sat, 30 May 2026 16:26:38 GMT","ROTW"
"JX 1","KLAX","RCTP","Starlux Airbus A350","Starwalker 003JX","Starlux Virtual",829,"Approved","80185","Passenger","305","Haedus Program (1.3x)","Sun, 31 May 2026 00:00:00 GMT","Sat, 30 May 2026 16:36:33 GMT",
"JX840","RCTP","RJFF","Starlux Airlines Airbus A330-900","Starwalker 326JX","Starlux Virtual",112,"Approved","9569","Passenger","248","ROTW(2x)","Sun, 31 May 2026 00:00:00 GMT","Sun, 31 May 2026 08:05:10 GMT",
"6E 0802","VABB","VILH","Generic Airbus A320","Starwalker 003JX","N/A",139,"Approved","6364","Passenger","176","Haedus Program (1.3x)","Sun, 31 May 2026 00:00:00 GMT","Sun, 31 May 2026 13:19:00 GMT",
"6E 0648","VILH","VABB","Generic Airbus A320","Starwalker 003JX","Indigo Virtual",144,"Approved","5888","Passenger","176","ILLYRIAN Program (1.6x)","Sun, 31 May 2026 00:00:00 GMT","Sun, 31 May 2026 13:20:34 GMT",
"JX002","RCTP ","KLAX ","Starlux Airbus A350","Starwalker 520JX","Starlux Virtual",570,"Approved","55007","Passenger","262","None","Sat, 30 May 2026 00:00:00 GMT","Sun, 31 May 2026 16:15:38 GMT","Group flight to KLAX "
"JX001","KLAX ","RCTP","Starlux Airbus A350","Starwalker 520JX","Starlux Virtual",827,"Approved","70502","Passenger","272","None","Sun, 31 May 2026 00:00:00 GMT","Sun, 31 May 2026 16:17:26 GMT","Return flight after group flight "
"JX 26","RCTP","KPHX","Starlux Airbus A350","Starwalker 005JX","Starlux Virtual",743,"Approved","10844","Passenger","299","ROTW(2x)","Sun, 31 May 2026 00:00:00 GMT","Sun, 31 May 2026 16:44:19 GMT","I’m part staff"
"LA8058","SBGR","FAOR","LATAM Boeing 787-9","Starwalker 279JX","Starlux Virtual",490,"Approved","38770","Passenger","284","IF48(1.5x)","Sun, 31 May 2026 00:00:00 GMT","Sun, 31 May 2026 19:28:02 GMT","ROTW"
"SQ388","WSSS","LEBL","Singapore Airlines Airbus A350-900","Starwalker 006JX","Singapore Virtual",810,"Approved","89776","Passenger","263","ROTW(2x)","Sun, 31 May 2026 00:00:00 GMT","Mon, 01 Jun 2026 00:45:18 GMT",
"JX751","RCTP","VTCC","Generic Airbus A321","Starwalker 656JX","Starlux Virtual",203,"Approved","14421","Passenger","220","None","Mon, 01 Jun 2026 00:00:00 GMT","Mon, 01 Jun 2026 06:15:30 GMT",
"6E 1","VABB","EGLL","Generic Boeing 787-9","Starwalker 003JX","Indigo Virtual",582,"Approved","51337","Passenger","300","ILLYRIAN Program (1.6x)","Mon, 01 Jun 2026 00:00:00 GMT","Mon, 01 Jun 2026 10:08:26 GMT",
"6E 2","EGLL","VABB","Generic Boeing 787-9","Starwalker 003JX","Indigo Virtual",547,"Approved","47102","Passenger","305","ILLYRIAN Program (1.6x)","Mon, 01 Jun 2026 00:00:00 GMT","Mon, 01 Jun 2026 10:39:01 GMT",
"6E 1127","VOBL","VRMM","IndiGo Airbus A320","Starwalker 003JX","Indigo Virtual",94,"Approved","4226","Passenger","176","ILLYRIAN Program (1.6x)","Sun, 31 May 2026 00:00:00 GMT","Mon, 01 Jun 2026 15:57:19 GMT",
"6E 1128","VRMM","VOBL","IndiGo Airbus A320","Starwalker 003JX","Indigo Virtual",83,"Approved","4103","Passenger","176","ILLYRIAN Program (1.6x)","Mon, 01 Jun 2026 00:00:00 GMT","Mon, 01 Jun 2026 15:59:21 GMT",
"JX886","RCTP","RORS","Generic Airbus A321","Starwalker 656JX","Starlux Virtual",52,"Approved","2374","Passenger","143","None","Mon, 01 Jun 2026 00:00:00 GMT","Mon, 01 Jun 2026 16:23:13 GMT",
"HO1659","ZSPD","EBBR","Juneyao Air Boeing 787-9","Starwalker 656JX","Juneyao Air Virtual",812,"Approved","79272","Passenger","350","None","Mon, 01 Jun 2026 00:00:00 GMT","Tue, 02 Jun 2026 06:04:28 GMT",
"63 1001","VOMM","WSSS","IndiGo Airbus A320","Starwalker 003JX","Indigo Virtual",225,"Approved","9792","Passenger","150","ILLYRIAN Program (1.6x)","Tue, 02 Jun 2026 00:00:00 GMT","Tue, 02 Jun 2026 09:05:21 GMT",
"6E 1002","WSSS","VOMM","IndiGo Airbus A320","Starwalker 003JX","Indigo Virtual",213,"Approved","9792","Passenger","150","ILLYRIAN Program (1.6x)","Tue, 02 Jun 2026 00:00:00 GMT","Tue, 02 Jun 2026 09:06:13 GMT",